"","site","clim_dnrg","clim_isot","clim_pcld","clim_pdmt","clim_pdry","clim_prec","clim_psea","clim_pwet","clim_pwmt","clim_pwrm","clim_tavg","clim_tcld","clim_tdry","clim_tmax","clim_tmin","clim_trng","clim_tsea","clim_twet","clim_twrm","soil_awc","soil_bdw","soil_cly","soil_der","soil_des","soil_ece","soil_nto","soil_phc","soil_pto","soil_slt","soil_snd","soil_soc","MDF","CV.x","MDFAnnZer","CVAnnZer","MDFMDFWet.x","MDFMDFDry.x","CVMDFWet.x","CVMDFDry.x","HSPeak.x","HSMeanDur.x","MDFAnnHSNum.x","CVAnnHSNum.x","CVAnnHSPeak.x","CVAnnHSMeanDur.x","LSPeak.x","LSMeanDur.x","MDFAnnLSNum.x","CVAnnLSNum.x","CVAnnLSPeak.x","CVAnnLSMeanDur.x","MRateRise.x","MRateFall.x","CVAnnMRateRise.x","CVAnnMRateFall.x","BFI.x","CVAnnBFI.x","PS1YrARI.x","PS2YrARI.x","PS10YrARI.x","C_MDFM.x","M_MDFM.x","C_MinM.x","M_MinM.x","C_MaxM.x","M_MaxM.x","hydro.pc1","hydro.pc2","hydro.pc3","FDis","FDiv","FRic","FEve","RaoQ","nbsp","simpson","FunRao","redun","richness","exotics","SLA","seed.mass","maximum.height","flowering.duration","wood.density","leaf.area","FRic.SES","FDis.SES","clim.pc1","clim.pc2","soil.pc1","soil.pc2","soil.pc3","soil.pc4","richness.stand","richness.stand.ln","richness.stand.chao","richness.chao","richness.ACE","exoticRich.ln","gaugeID","CV.y","MDFMDFWet.y","MDFMDFDry.y","CVMDFWet.y","CVMDFDry.y","HSPeak.y","HSMeanDur.y","MDFAnnHSNum.y","CVAnnHSNum.y","CVAnnHSPeak.y","CVAnnHSMeanDur.y","LSPeak.y","LSMeanDur.y","MDFAnnLSNum.y","CVAnnLSNum.y","CVAnnLSPeak.y","CVAnnLSMeanDur.y","MRateRise.y","MRateFall.y","CVAnnMRateRise.y","CVAnnMRateFall.y","BFI.y","CVAnnBFI.y","PS1YrARI.y","PS2YrARI.y","PS10YrARI.y","C_MDFM.y","M_MDFM.y","C_MinM.y","M_MinM.y","C_MaxM.y","M_MaxM.y","production_natural_w","production_dryland_w","intensive_w","conservation_w","production_irrigated_w"
"1",1,12.14808846,53.61001587,143.561264,33.16362381,118.697998,1153.776733,46.90408707,442.6585693,177.8186035,442.6585693,20.07529831,14.8249712,15.86943626,30.22143364,7.561323643,22.66011047,389.8130493,24.52971649,24.52971649,13.1887064,1.23506403,26.685215,15.96392727,1.13616991,7.168894291,0.225267485,4.850421906,0.067161635,15.6005621,46.35223007,4.216975212,150.434,4.938,0.094,5.568,1.281970831,0.800105029,0.902,1,34.02541314,3.404,2.75,0.843,0.675,0.384,0.105727429,22.099,8.875,0.429,0.753,0.881,1.401325498,0.552893628,1.099,0.751,0.26,0.27,23.70414933,58.01586742,100.9289522,0.081,0.093,0.064,0.095,0.198,0.077,0.719862558729472,-2.65640309994697,-0.203324237088098,0.152616303570629,0.701823429219579,0.048494591263344,0.675833290997686,0.030313436801141,32,0.85643209409892,0.41109765424164,0.44533443985728,0.0824972129319955,0.0596750241505878,1.18686704341671,1.5854766851895,4.45122056501175,2.29283522828957,0.59764404147303,4.73429114684588,-0.335028718679677,-0.861996605549012,-0.427028462725192,-0.598897260742186,-1.80145855215443,-0.386396133790363,2.37864459571118,2.37864459571118,0.0824972129319955,6.0597041210445,0.100287134539239,44.9787798408488,41,0.655103148221027,"145018A",-0.0177146194276814,0.0141881543030404,-0.00665595560033283,-0.0127931769722813,0.0266940451745381,-0.0436602844990881,0.035790761700826,0.0999245852187027,-0.108583247156153,-0.034431137724551,0.428571428571429,-0.0548547929833074,0.0767453015305455,-0.026695268740317,0.1045197740113,0.012084592145015,-0.0143626570915619,0.494445397725849,0.168611844343693,0.110262008733624,-0.0792602377807134,-0.0423076923076924,-0.0167224080267558,0.0973401997892414,0.0768248074483904,-0.202290768755906,-0.241758241758242,0,-0.158730158730159,0.070796460176991,-0.00483091787439616,0.0299999999999998,0.58,0.12,0.21,0.08,0.01
"4",4,11.86628056,52.91636276,174.057312,40.98834229,142.5914917,1332.441895,44.22193527,480.625946,183.9373016,474.7789917,19.85819054,14.70363712,15.59643745,29.6568718,7.232275486,22.42459679,384.7421875,24.0169487,24.25049591,13.15342522,1.197072864,22.65402603,3.583175898,1.129638195,9.990216255,0.174282745,4.612263203,0.044354651,20.67567635,52.77626038,3.385577917,39.082,2.975,2.394,4.97,0.669105982,0.906094877,0.862,1.056,18.18686352,6.635,1.576,1.914,0.567,0.629,0.054219334,14.39,10.212,0.425,0.423,0.681,0.649966737,0.614195793,2.154,2.247,0.305,0.411,31.82488102,85.90660662,291.8515941,0.109,0.103,0.066,0.145,0.329,0.078,2.5279097069174,1.34887096328784,-6.00765967846521,0.229351555400032,0.921858859061141,0.0711634944085526,0.586064299444983,0.0533219477434007,26,0.86552561685257,0.492516280580684,0.373009336271886,0.0550807217473884,0.226968726300114,1.1426622953887,1.02538217418457,3.30385230277308,2.58693412900398,0.575819283625609,5.65113410911481,0.0933016215168389,1.49615655079596,-2.3332678508938,0.368259846513385,-1.49619892127365,0.718572848285428,-1.36458795022669,-1.36458795022669,0.0550807217473884,4.62796630161903,0.0664604531271198,34.9914285714286,32.6,0.957510269300489,"146012A",-0.0458290422245108,-0.482227537869342,0.263252211696319,-0.325,0.112913692407528,-0.259728858311599,1,-0.422848664688427,0.261961722488038,1.13233287858117,2.04561403508772,0.00431227360942099,-0.462532102626694,0.509347679892401,-0.220394736842105,0.229885057471264,-0.0430292598967297,-0.293798224937003,-0.427493570085433,-0.141207815275311,-0.457714654615881,0.316239316239316,-0.0206349206349207,-0.41751388114829,-0.655596909279342,-0.515929768776432,0.531645569620253,0.838709677419355,2.43478260869565,0.893129770992366,-0.108545034642032,1.64,0.32,0,0.09,0.5,0.04
"5",5,12.29094696,52.95339203,149.3858643,37.73722458,127.6242981,1211.605347,44.97564697,453.189209,172.3799133,453.189209,18.93275452,13.58786678,14.57236576,29.13799858,5.927121162,23.21087837,397.3336792,23.45186424,23.45186424,13.55158997,1.153934479,21.23000717,4.248885155,1.069239497,10.28589153,0.206879646,4.835061073,0.044240389,20.04157066,49.53961182,3.460840464,81.846,6.033,15.121,1.963,1.169696748,0.536336534,0.789,1.504,46.58921633,4.061,2,0.788,0.85,0.407,0.092796227,19.2,9.606,0.376,0.348,0.474,0.958458569,0.394716907,0.948,1.092,0.228,0.341,17.16385651,57.61155096,145.1138357,0.08,0.091,0.063,0.084,0.25,0.08,-0.102951194213559,-1.98534984330096,-0.0592330301772165,0.130114351205361,0.518642778583159,0.008088150903898,0.665740153047355,0.0274768722309759,15,0.508203285843499,0.284929661210088,0.223273624633411,0.0382293762575453,0.0754987839676196,1.03817184417682,1.25714866783044,1.53797095032934,2.2221609340832,0.647972478392338,3.98444172914838,-0.174048312278212,0.386583468137595,-0.861749888599837,2.564097699893,-1.627369962051,-0.0714654376274267,-1.28031845785106,-1.28031845785106,0.0382293762575453,3.0602761529006,0.0422508329872354,20.998663994656,20,0.96640299565282,"146012A",0.0194454447245227,0.0368789257862123,-0.00240165762368616,0.0080275229357798,0.0034129692832765,0.0346010241763137,0.00533130236100532,0.0643842616249362,0.0516826923076923,0.0738255033557047,-0.0521172638436482,-0.032347775814504,0.0577041760954535,-0.0686750890832523,0.0655737704918034,0.166153846153846,0.158854166666667,0.0518002547308281,0.347950681529363,-0.194295900178253,-0.00200200200200196,-0.0256410256410257,0.021671826625387,-0.0229057780018476,-0.0648115037465911,0.0169054686043153,0.0112359550561798,-0.0185185185185185,-0.211111111111111,0.0399999999999998,0.0686695278969955,-0.0190476190476191,0.7,0.02,0.04,0.24,0
"6",6,11.72317886,52.81443024,176.0374756,41.06150436,144.0125732,1327.835083,43.74140549,476.1430969,181.2915497,468.2572937,19.91764832,14.8046999,15.6835041,29.6250782,7.428154945,22.1969223,381.8599243,24.05523682,24.27853966,13.5691967,1.210136533,21.60365295,5.05502224,1.162707686,8.458163261,0.16823931,4.626170158,0.054521311,19.61895943,51.64487076,3.588429213,39.082,2.975,2.394,4.97,0.669105982,0.906094877,0.862,1.056,18.18686352,6.635,1.576,1.914,0.567,0.629,0.054219334,14.39,10.212,0.425,0.423,0.681,0.649966737,0.614195793,2.154,2.247,0.305,0.411,31.82488102,85.90660662,291.8515941,0.109,0.103,0.066,0.145,0.329,0.078,2.5279097069174,1.34887096328784,-6.00765967846521,0.228317191905781,0.886753789863188,0.111245883112889,0.588539458005326,0.0529977341151483,29,0.835466749103242,0.48709053533546,0.348376213767782,0.084726867335563,0.198397777359988,1.18217841611142,0.952131180726484,2.90200412350428,2.49329069567519,0.530648337873238,6.00026404358615,0.00921339035889463,1.43163842824015,-2.53012255623252,0.167983602929126,-1.24260256193959,0.722458300503945,-0.553761801805771,-0.553761801805771,0.084726867335563,6.22347990809976,0.106987850694945,47.9840510366826,48,1.47398208349731,"145099A",-0.0458290422245108,-0.482227537869342,0.263252211696319,-0.325,0.112913692407528,-0.259728858311599,1,-0.422848664688427,0.261961722488038,1.13233287858117,2.04561403508772,0.00431227360942099,-0.462532102626694,0.509347679892401,-0.220394736842105,0.229885057471264,-0.0430292598967297,-0.293798224937003,-0.427493570085433,-0.141207815275311,-0.457714654615881,0.316239316239316,-0.0206349206349207,-0.41751388114829,-0.655596909279342,-0.515929768776432,0.531645569620253,0.838709677419355,2.43478260869565,0.893129770992366,-0.108545034642032,1.64,0.28,0,0.13,0.53,0.02
"9",9,12.50164318,53.60297775,141.7344666,34.50591278,122.2714691,1130.202637,47.68352509,449.5500488,176.7278748,449.5500488,20.58245087,15.22526455,16.28660202,30.84773636,7.52507019,23.32266617,396.1566772,25.05847168,25.05847168,13.66369915,1.241800547,23.01506615,5.216386795,1.193337083,10.38984203,0.210364312,4.973424435,0.046734612,21.46771431,59.48788452,2.84725523,75.575,12.678,11.565,2.571,1.476546477,0.664082038,1.468,2.283,66.54781343,3.314,2.217,0.977,1.163,0.401,0.084922263,42.049,7,0.423,0.491,0.76,1.615004962,0.759523652,1.609,2.271,0.12,0.567,20.14548462,61.64512074,262.4249421,0.127,0.095,0.033,0.097,0.402,0.055,-4.64327356114381,1.2409067756194,-0.961235863747767,0.22080203732324,0.874477244891542,0.183800881866652,0.584563111838497,0.0508930031064216,42,0.931604573169762,0.510850177266403,0.420754395903359,0.153354632587859,0.334377735317905,1.15857079759845,1.37556547790816,2.71283242073288,2.33783989421538,0.599953642579913,4.678918394514,-0.177403023095785,1.30629194237257,-0.127883731202491,-1.58527696827064,-0.252540931804472,0.349739044661022,-0.815502769723951,-0.815502769723951,0.153354632587859,8.35334192132665,0.194797494314773,60.971615720524,58.5625,1.39222365355444,"145011A",0.117592678191735,0.113602767299701,-0.13508384864251,-0.0269896193771627,0.0104477611940301,0.238251570062302,-0.0519978106185003,-0.115435647943388,0.0704521556256572,-0.0398406374501993,-0.312380952380952,0.0596968114249166,0.167899271040424,-0.068056489576328,0.0282485875706215,-0.144053601340033,0.346666666666667,0.286593923518248,0.933809675317689,-0.13707729468599,0.182614133833646,-0.219858156028369,0.252032520325203,-0.0017494929769134,0.148725997183786,0.251854592471412,0.724137931034483,0.372727272727273,1.77777777777778,0.404958677685951,0.0863309352517987,1.13333333333333,0.65,0.21,0.04,0.08,0
"10",10,12.52034855,53.69879913,134.5861511,31.92234993,115.2363205,1074.434937,47.22675705,429.9311218,163.2787476,429.9311218,20.19496346,14.84904575,15.91521549,30.51366234,7.197780609,23.31588173,395.9205933,24.67420006,24.67420006,13.44261932,1.245633245,21.97478867,10.35305309,1.282849908,10.66763306,0.205140367,5.052348614,0.067297325,18.53188705,50.7361908,2.714846611,30.022,1.498,140.083,0.641,1.014855772,1.134334821,0.846,0.756,7.150323096,8.593,1.083,1.619,0.357,0.699,0.023516088,29.977,5.042,0.585,2.372,0.63,0.311205116,0.31323696,0.6,0.844,0.357,0.374,4.233795217,6.383085737,10.29551662,0.109,0.087,0.183,0.095,0.401,0.075,6.91167298838477,5.76362076692834,3.58585496482406,0.21948152585812,0.811676561262126,0.123626600881248,0.556517211594539,0.0509378287025598,32,0.872952208241837,0.488951767683092,0.384000440558745,0.0521609538002981,0.265326781918622,1.21926639920711,1.21992243472607,3.4995477420472,2.46404558865185,0.566939070131413,4.63387094624538,0.723078223976635,1.13800498895904,0.397370908088659,-0.842165615915698,0.0841334654340256,-0.0786170903904399,1.44065524259806,1.44065524259806,0.0521609538002981,5.37736079794103,0.0655526479458324,43.9858267716535,48.5,1.07547215958821,"146010A",-0.844581005586592,-0.174848541811366,0.115018247217854,-0.471661237785016,-0.598779134295228,-0.842090805557162,2.21074138937536,-0.758539059857964,1.47232472324723,-0.784371909000989,0.469914040114613,-0.366269001473067,1.08583564391481,-0.716610625420309,0.936599423631124,1.74123989218329,0.251054852320675,-0.718896150867627,-0.68179067712232,-0.481620405101275,-0.650962176509622,1.84615384615385,-0.164705882352941,-0.773350875650132,-0.883149343110105,-0.955982202694696,0.592105263157895,0.494949494949495,3.19047619047619,0.421052631578947,-0.480480480480481,0.888888888888889,0.6,0.1,0.07,0.18,0
"11",11,12.75006485,53.74793625,135.4541779,33.45661926,117.9629822,1074.04187,46.57189178,427.7681274,161.865509,427.7681274,20.2618618,14.82857132,15.91452885,30.74825287,7.026291847,23.72196007,402.2951965,24.81098747,24.81098747,13.82916737,1.212114453,22.13776588,4.085037231,1.151995182,10.10849953,0.21017696,5.113440037,0.045529574,16.24158669,56.77944565,2.883789539,30.022,1.498,140.083,0.641,1.014855772,1.134334821,0.846,0.756,7.150323096,8.593,1.083,1.619,0.357,0.699,0.023516088,29.977,5.042,0.585,2.372,0.63,0.311205116,0.31323696,0.6,0.844,0.357,0.374,4.233795217,6.383085737,10.29551662,0.109,0.087,0.183,0.095,0.401,0.075,6.91167298838477,5.76362076692834,3.58585496482406,0.234231069639483,0.879723412175707,0.118643224038891,0.538117353458629,0.0560559858044061,45,0.844712622232248,0.478591797685352,0.366120824546896,0.0774883099532398,0.0951621383303593,1.10072123579884,1.77690102433191,3.2625562880596,2.04617660587851,0.587985650022908,6.03421382735477,-0.230681982573616,1.59786145394816,0.586848810494814,-1.05894796554513,0.308920556328909,-0.134121409338407,-0.7715138279422,-0.7715138279422,0.0774883099532398,8.76388274066531,0.104186885724175,77.9838839645447,80.2222222222222,0.906608559379171,"146010A",-0.844581005586592,-0.174848541811366,0.115018247217854,-0.471661237785016,-0.598779134295228,-0.842090805557162,2.21074138937536,-0.758539059857964,1.47232472324723,-0.784371909000989,0.469914040114613,-0.366269001473067,1.08583564391481,-0.716610625420309,0.936599423631124,1.74123989218329,0.251054852320675,-0.718896150867627,-0.68179067712232,-0.481620405101275,-0.650962176509622,1.84615384615385,-0.164705882352941,-0.773350875650132,-0.883149343110105,-0.955982202694696,0.592105263157895,0.494949494949495,3.19047619047619,0.421052631578947,-0.480480480480481,0.888888888888889,0.63,0.05,0,0.26,0
"12",12,11.86498547,53.43755722,162.6393585,41.4962883,140.6659698,1292.919067,46.8634491,505.5458374,197.6858826,505.5458374,20.10215759,14.96645164,15.97029495,29.93316841,7.729711056,22.20345688,380.9794922,24.43831825,24.43831825,12.74608994,1.190961003,28.29791451,4.900153637,1.084346652,8.864079475,0.236093491,4.712797642,0.065761514,16.90513992,42.53391647,3.873775005,185.543,4.439,6.636,1.854,1.289582469,0.793918391,1.045,0.986,28.71736471,4.177,2.394,1.033,0.626,0.376,0.078709517,25.015,6.788,0.418,0.568,0.602,0.628280237,0.3119762,1.21,1.289,0.297,0.318,13.62434045,31.34959012,84.38710703,0.066,0.09,0.056,0.084,0.219,0.066,1.93150130720141,-1.20938684203759,0.944366909847928,0.167261258543376,0.772450700474086,0.124697878684128,0.522353261818801,0.0332243194593349,41,0.90584944993537,0.436378658289566,0.469470791645804,0.0904255319148936,0.0351135544474007,1.15252664274685,2.02163222390095,4.50428442135869,2.01497689897594,0.597302126469495,5.09738393785892,-0.243249588438372,-0.749414063765375,-2.20791011564383,-0.288730877207058,-2.89355147802867,-1.38637304734044,0.22351125000122,0.22351125000122,0.0904255319148936,8.05044408071801,0.115213117056386,64.980198019802,59.9090909090909,0.947111068319766,"145002B",0.0362301681269241,0.0194534460549471,-0.0681344274304503,-0.032319391634981,0.0236753100338218,0.0254353813795012,0.02609956500725,0.0079302141157811,-0.0642722117202269,-0.0441426146010188,-0.0365853658536586,-0.13926523621118,0.024867509172442,0.0442282176028306,-0.209051724137931,0.210227272727273,-0.0443037974683544,-0.00715873532307243,-0.0871365981863018,0.00348128807658843,-0.028262676641729,-0.0533333333333333,-0.0422535211267604,0.00892343215043989,-0.129935686558678,-0.156522141990993,-0.301724137931034,0.0973451327433628,-0.362745098039216,0.028846153846154,0.0495049504950493,-0.0490196078431372,0.16,0.01,0.41,0.37,0
"13",13,11.71324253,53.28598785,175.4606934,43.0949173,149.7206421,1387.564575,47.5550766,546.2020874,216.7168427,538.9719238,19.98009109,14.87631035,15.87691402,29.73024178,7.74839735,21.98184395,378.6060181,23.95103073,24.29091644,13.6856823,1.226225853,20.69457817,6.154711723,1.24091053,9.230606079,0.205991253,4.66545105,0.049153753,19.01200867,46.36630249,3.177581787,185.543,4.439,6.636,1.854,1.289582469,0.793918391,1.045,0.986,28.71736471,4.177,2.394,1.033,0.626,0.376,0.078709517,25.015,6.788,0.418,0.568,0.602,0.628280237,0.3119762,1.21,1.289,0.297,0.318,13.62434045,31.34959012,84.38710703,0.066,0.09,0.056,0.084,0.219,0.066,1.93150130720141,-1.20938684203759,0.944366909847928,0.160100020281415,0.939273935442141,0.0269176745945842,0.459950309291662,0.0380938192275775,22,0.435439160487212,0.272490372968072,0.16294878751914,0.0368852459016393,0.0907390149478287,1.14593081778385,0.614279738168945,2.16575719960807,2.35801943264301,0.557941274235978,8.48847979455075,-0.199957243472026,1.93087258620057,-3.11120656895691,0.417769372130485,-1.08382632173428,0.605409116905189,0.369410126903162,0.369410126903162,0.0368852459016393,4.09352614794398,0.0464450361102102,33.9977664326739,51.5,1.21289663642785,"143112A",0.0362301681269241,0.0194534460549471,-0.0681344274304503,-0.032319391634981,0.0236753100338218,0.0254353813795012,0.02609956500725,0.0079302141157811,-0.0642722117202269,-0.0441426146010188,-0.0365853658536586,-0.13926523621118,0.024867509172442,0.0442282176028306,-0.209051724137931,0.210227272727273,-0.0443037974683544,-0.00715873532307243,-0.0871365981863018,0.00348128807658843,-0.028262676641729,-0.0533333333333333,-0.0422535211267604,0.00892343215043989,-0.129935686558678,-0.156522141990993,-0.301724137931034,0.0973451327433628,-0.362745098039216,0.028846153846154,0.0495049504950493,-0.0490196078431372,0.17,0.01,0.39,0.35,0
"14",14,11.2981987,52.70613861,154.6040192,38.4026947,133.2174683,1227.518799,47.16553497,483.5106812,189.2409515,483.5106812,19.55472183,14.51522636,15.52140141,29.14513206,7.708920479,21.43621063,373.4295959,23.79650497,23.79650497,13.32135773,1.252987862,23.61512756,5.148770332,1.284927487,10.84250259,0.236646309,4.984775543,0.060827896,21.3055687,51.38861847,2.565692425,606.124,6.586,8.667,1.851,1.190144261,0.766186457,1.211,1.508,38.873808,3.925,2.424,0.868,0.829,0.383,0.099014393,30.881,6.636,0.394,0.494,0.605,1.285139674,0.494774997,1.39,1.264,0.241,0.363,16.6500551,47.77282041,152.4139664,0.065,0.074,0.028,0.081,0.221,0.062,-0.710594320195464,-1.17673688581083,0.421920751974966,0.169312862990878,0.743819369996181,0.0384111987685014,0.504343591625203,0.0350063347778251,25,0.819621694399632,0.415840668125547,0.403781026274084,0.0574712643678161,0.0754469669196861,1.18626471080601,1.36409491224806,4.38484593898319,2.49391639407026,0.554654215344304,5.13504428899507,-0.173428272586015,-0.177462636160698,-2.47212190411295,1.21431327910811,-0.702071408928388,-0.357022994949049,0.390751508116155,0.390751508116155,0.0574712643678161,4.11499194812449,0.0735242548217417,31.9830508474576,31.125,0.658398711699918,"145002B",0.114010989010989,0.0496234730780207,-0.0838486094523162,-0.00258620689655165,0.0236460717009916,0.099489199314138,-0.03025,-0.0246166263115417,-0.0133779264214047,-0.0396375990939978,-0.0919220055710306,-0.116445673342816,0.0991982558548421,0.0455203474344539,-0.0358056265984655,0.520249221183801,0.148672566371681,0.671528608948113,0.598235400580812,-0.203045685279188,-0.157131960335622,-0.0923076923076924,0.0250696378830084,0.168122297429137,0.0529358065694718,0.0812741960394843,-0.317307692307692,0.0618556701030928,-0.626373626373626,-0.0258620689655172,-0.0452488687782806,-0.235955056179775,0.32,0.01,0.21,0.44,0
"15",15,11.3000679,52.75831985,170.990799,38.92229843,142.9963226,1301.777466,47.66791153,514.1046143,205.3234863,496.496521,20.22446442,15.2034359,16.17862701,29.71733665,8.29878521,21.41855049,371.7948914,24.12040138,24.44318962,12.78553867,1.235350966,24.98325729,9.086792946,1.12790072,8.41435051,0.249562219,4.876652241,0.061960746,16.99801445,38.54547501,3.182640553,196.636,5.348,12.455,2.07,1.229490022,0.846294676,1.008,1.195,29.58064647,3.522,3.424,0.781,0.922,0.35,0.080519335,37.181,6.848,0.316,0.574,0.744,1.308132794,0.629132,1.068,1.122,0.179,0.3,13.98586729,52.80318456,119.0110865,0.052,0.08,0.006,0.103,0.32,0.061,-0.800999409365029,-1.86873460885504,1.19300384292377,0.211584384592324,0.739715668198738,0.083482513881067,0.516521274752924,0.0481156344147102,39,0.911350928299222,0.492511103693798,0.418839824605424,0.114634146341463,0.0118978377613728,1.11499582106848,1.15229250292241,3.17848723668941,2.26862953920767,0.534902906200545,5.2310794197177,-0.400570080764734,0.895007886697307,-3.07233919251126,-0.139565647606279,-2.05852251361689,-0.844986221964552,1.25711495975807,1.25711495975807,0.114634146341463,7.81229591454964,0.141437467566165,57.9893617021277,55.6428571428571,0.332438124023389,"143112A",0.114743856726364,0.0325719629371395,-0.116243562516709,0.103869653767821,0.0696202531645569,0.126025167185498,-0.0469470827679783,0.0765595463137996,0.0233702337023372,-0.134133042529989,-0.342105263157895,-0.224572118910446,0.719697293599555,-0.293826345328491,-0.0252100840336135,0.16711590296496,0.056,1.51688858023718,1.11511156730675,-0.124373956594324,-0.169047619047619,-0.223684210526316,-0.121794871794872,0.409795845200971,0.314085641281637,0.156708359823307,-0.238095238095238,-0.0283018867924528,-0.886792452830189,0.0089285714285714,0.379166666666667,0.0493827160493827,0.32,0.01,0.51,0.14,0.01
"16",16,11.3861208,52.95396805,186.4654846,40.89731598,153.9534302,1386.386841,47.6153717,547.5517578,218.533905,518.2052612,20.67856598,15.66578484,16.60858536,30.12745094,8.625528336,21.50192261,371.5868225,24.58563042,24.90232086,13.70651722,1.210251689,26.41773415,11.80940914,1.42114675,9.067087173,0.216775209,4.842906475,0.065082565,20.1696949,40.39208221,3.360384941,196.636,5.348,12.455,2.07,1.229490022,0.846294676,1.008,1.195,29.58064647,3.522,3.424,0.781,0.922,0.35,0.080519335,37.181,6.848,0.316,0.574,0.744,1.308132794,0.629132,1.068,1.122,0.179,0.3,13.98586729,52.80318456,119.0110865,0.052,0.08,0.006,0.103,0.32,0.061,-0.800999409365029,-1.86873460885504,1.19300384292377,0.232164278218035,0.901888273897001,0.0878803693581409,0.550693239853277,0.0545584693268943,34,0.904166836711469,0.495781971565568,0.408384865145901,0.0850599781897492,0.0169339071328159,1.02669772945004,1.02627515246619,2.99885508743323,2.26897259462733,0.593457813725282,5.51661545357555,-0.0963717716649681,1.75316832331519,-3.59612830006782,-1.18361628903688,-1.67027000197651,-0.184164030294919,2.92421092820031,2.92421092820031,0.0850599781897492,6.36427100430882,0.104655243327686,47.9844290657439,49.125,0.489559308023756,"145012A",0.114743856726364,0.0325719629371395,-0.116243562516709,0.103869653767821,0.0696202531645569,0.126025167185498,-0.0469470827679783,0.0765595463137996,0.0233702337023372,-0.134133042529989,-0.342105263157895,-0.224572118910446,0.719697293599555,-0.293826345328491,-0.0252100840336135,0.16711590296496,0.056,1.51688858023718,1.11511156730675,-0.124373956594324,-0.169047619047619,-0.223684210526316,-0.121794871794872,0.409795845200971,0.314085641281637,0.156708359823307,-0.238095238095238,-0.0283018867924528,-0.886792452830189,0.0089285714285714,0.379166666666667,0.0493827160493827,0.48,0.04,0.35,0.11,0.01
"17",17,12.7577076,53.3300705,120.6657715,32.18031693,110.6557007,976.4624023,46.64665604,393.8253784,147.9803619,393.8253784,20.54158974,15.00520515,16.12929153,31.12709236,7.204927444,23.92216492,408.7309265,25.15003967,25.15003967,13.89303493,1.292001605,19.7485714,5.678670883,1.182123184,10.80613041,0.186816216,5.155008316,0.029275855,21.5009613,57.99703217,2.661882162,40.65,11.56,37.034,1.414,1.362287823,0.75099631,1.456,2.471,67.46410824,3.738,2.103,0.903,1.08,0.472,0.084747847,42.371,6.966,0.456,0.67,0.719,1.899434194,0.772792128,1.692,2.118,0.141,0.566,16.03121771,61.36932349,263.8699385,0.112,0.067,0.049,0.077,0.38,0.047,-4.43095580685568,2.35205788550334,-0.463680880040707,0.233293569644275,0.869092587110025,0.126485231127172,0.619277364970438,0.0561904150753592,29,0.877422647120974,0.496194208776575,0.3812284383444,0.134874759152216,0.216648267768611,1.07079972782989,0.797772750202096,3.3591838315297,2.23039338862319,0.646688647563992,4.68023649077497,0.128154770380718,1.66986064068827,1.17357525923965,-1.70611585680632,0.764527991349709,1.08858513399326,-1.30223152589254,-1.30223152589254,0.134874759152216,6.29637198972785,0.173283642632593,44.9671052631579,43.3333333333333,0.359792685127306,"143303A",0.220161201280777,-0.0129500021629674,0.00265524830915487,0.130952380952381,0.126919140225179,0.200766591914029,-0.00638179800221983,-0.0668402777777778,-0.0965147453083111,0.0726915520628684,-0.00530503978779839,-0.264355729228897,1.13976512943597,-0.294960702727693,-0.140597539543058,0.892230576441103,-0.00291970802919705,0.711869350352189,0.660746631950082,0.143504531722054,0.456909361069836,-0.33,0.197727272727273,-0.300545923794859,0.0994101912693277,0.442201435799149,0.390804597701149,-0.0754716981132075,-0.0681818181818181,0.257731958762887,0.438848920863309,-0.0175438596491229,0.71,0.05,0.08,0.1,0.02
"18",18,10.90953255,52.23423767,229.1397858,43.0633812,180.3746948,1593.16333,44.97273636,615.5736084,229.391037,545.6690063,20.33629417,15.41865253,16.29043007,29.44812775,8.562338829,20.88578796,367.1764221,23.00846863,24.55631447,13.47075558,1.177639246,24.2046814,12.90537262,1.424053431,6.850393772,0.172786817,4.726504803,0.019722953,15.66880417,52.16349411,3.451344013,78.001,5.269,23.346,1.489,1.15157498,0.817348496,0.965,1.018,37.34932885,3.823,2.385,0.847,0.726,0.347,0.068165793,28.283,7.846,0.34,0.421,0.455,1.111575493,0.537698235,1.062,0.984,0.196,0.321,23.71240112,55.73401623,112.0414995,0.07,0.095,0.02,0.096,0.33,0.088,0.0934001678301075,-1.56625093260769,0.632306405577057,0.214030822481258,0.921121289344871,0.152640365646386,0.595159938263478,0.0484076797228476,41,0.897815942380579,0.496623406618898,0.401192535761681,0.157524613220816,0.0492160007188532,1.07365404360708,1.05758895475666,3.1849723288951,2.34465983560368,0.641678352839441,5.64967408193731,0.00720090902104978,1.0288288001811,-5.80600014143231,0.334993788262842,-0.522267871820017,2.55616448396414,1.80390004982784,1.80390004982784,0.157524613220816,9.53430820906314,0.188424268878219,66.9848275862069,61.5,1.36204402986616,"143303A",-0.0134806216064407,-0.0721067687260833,-0.0807494310908176,0.0174897119341564,-0.0648596321393997,0.182171972594584,-0.0245321193727871,-0.125619249823071,0.12953995157385,-0.352587244283995,0.00651465798045603,-0.0266078289132191,0.0230980455499921,-0.0514210178453404,0.139318885448916,0.369047619047619,0.208542713567839,0.371181045199479,0.425369453317677,-0.170434782608696,-0.253164556962025,-0.0102564102564102,0.174242424242424,0.736670035470301,0.0911853690990629,-0.214051101208833,0.169811320754717,0.036231884057971,0.652173913043478,0.209302325581395,0.125806451612903,0.311320754716981,0.19,0.22,0.17,0.38,0.02
"19",19,11.09926319,52.55884933,222.5865021,42.27711487,175.6973877,1594.83728,46.1240921,621.8434448,234.1599121,556.3201294,20.34277534,15.39517403,16.28919983,29.58335304,8.465572357,21.11778069,369.0868225,23.00473785,24.58233643,13.54885101,1.178313613,18.64055634,13.38751698,1.3594383,5.308700562,0.144575834,4.624115467,0.027085761,16.44834137,54.74507904,2.878742695,78.001,5.269,23.346,1.489,1.15157498,0.817348496,0.965,1.018,37.34932885,3.823,2.385,0.847,0.726,0.347,0.068165793,28.283,7.846,0.34,0.421,0.455,1.111575493,0.537698235,1.062,0.984,0.196,0.321,23.71240112,55.73401623,112.0414995,0.07,0.095,0.02,0.096,0.33,0.088,0.0934001678301075,-1.56625093260769,0.632306405577057,0.205925731124968,0.836476478172638,0.187390176564152,0.514509622643386,0.0454444527830678,44,0.894116518529728,0.475402481289024,0.418714037240704,0.146520146520147,0.0107361355850102,1.11256984912138,1.62179342440342,3.83648065726316,2.12886162761948,0.579242321013219,5.37568810192839,0.2314836523471,0.740740763829983,-5.41694465324211,0.335485058403223,0.164884352543747,3.47504585860194,1.33456338920229,1.33456338920229,0.146520146520147,9.97516698257475,0.180675496163068,73.9866156787763,76.3333333333333,0.66501113217165,"141008A",-0.0134806216064407,-0.0721067687260833,-0.0807494310908176,0.0174897119341564,-0.0648596321393997,0.182171972594584,-0.0245321193727871,-0.125619249823071,0.12953995157385,-0.352587244283995,0.00651465798045603,-0.0266078289132191,0.0230980455499921,-0.0514210178453404,0.139318885448916,0.369047619047619,0.208542713567839,0.371181045199479,0.425369453317677,-0.170434782608696,-0.253164556962025,-0.0102564102564102,0.174242424242424,0.736670035470301,0.0911853690990629,-0.214051101208833,0.169811320754717,0.036231884057971,0.652173913043478,0.209302325581395,0.125806451612903,0.311320754716981,0.26,0.06,0.28,0.37,0.03
"20",20,14.12423134,53.20210266,98.20487213,25.07334709,92.41080475,874.1658325,50.12212753,362.3360596,125.7123795,362.3360596,19.1638546,13.05895615,14.23764801,31.11511612,4.566858292,26.54825783,455.1161194,24.36642075,24.36642075,13.09423923,1.262551427,20.30681229,0.008299958,1.180792212,14.21013737,0.156151399,5.367919445,0.038722668,16.20524788,59.86289597,3.341474533,99.23,2.776,3.1,1.933,1.788763479,1.139836743,0,0,26.50306359,7.7,1,1.183,0.658,0.479,0.062027613,7.951,7.7,0.439,0.45,0.654,0.336964628,0.139544493,1.466,0.613,0.413,0.322,2.807739595,15.51001713,51.97109745,0.312,0.163,0.357,0.128,0.304,0.114,7.87271198074159,0.902868737622618,0.788565750629865,0.223104301543626,0.92375056467774,0.0583391600027155,0.541950898741429,0.0513353828812905,22,0.876139877020745,0.494595686992785,0.381544190027959,0.0388080388080388,0.245893959831246,1.11863050741565,0.755446709360889,3.16280865523611,2.25143872010881,0.59068988790165,4.71616058852666,0.267731418716897,1.20243778910923,4.32345381077213,2.0645677238381,1.17602336779453,-0.0391047656451741,-2.19285772920946,-2.19285772920946,0.0388080388080388,4.25445766767348,0.0470990741261012,33.981981981982,32.5,0.455834750107873,"141008A",-0.442122186495177,-0.00524153389004511,1.53067894115071,-0.204690831556503,-0.464285714285714,-0.309065502794596,1.23967422920302,-0.656239257476796,0.439172749391728,0.674300254452926,-0.281859070464768,0.835121516642663,0.813367711225704,-0.78783130957044,0.48951048951049,0.164835164835165,1.61111111111111,-0.6281021353306,-0.769379297290803,2.22197802197802,0.18111753371869,1.54938271604938,-0.0693641618497108,-0.928445118542276,-0.765464753345944,-0.437625822877274,0.76271186440678,0.0448717948717949,0.428,-0.268571428571428,-0.674518201284797,3.22222222222222,0.72,0,0.04,0.18,0
"21",21,14.29702473,53.38348007,96.81210327,24.77709007,90.99304962,865.7685547,50.21345901,359.0811462,124.8905334,359.0811462,19.38311958,13.24980164,14.43205261,31.4031868,4.621447563,26.78173828,457.2368774,24.60858345,24.60858345,15.32453442,1.281211019,22.18075562,7.708849907,1.267469406,16.79611206,0.15448001,5.197907925,0.07580734,16.36651611,57.77083588,2.956904411,99.23,2.776,3.1,1.933,1.788763479,1.139836743,0,0,26.50306359,7.7,1,1.183,0.658,0.479,0.062027613,7.951,7.7,0.439,0.45,0.654,0.336964628,0.139544493,1.466,0.613,0.413,0.322,2.807739595,15.51001713,51.97109745,0.312,0.163,0.357,0.128,0.304,0.114,7.87271198074159,0.902868737622618,0.788565750629865,0.200928277109294,0.881130118742053,0.0175874223010736,0.563173729418648,0.0449191279654148,17,0.720312980669976,0.417175321379718,0.303137659290258,0.0427263479145473,0.476297968397291,1.08938966774692,0.639010061954789,3.96978875475195,2.12617608968719,0.758769428469289,3.37064613418045,-0.106447112106834,1.02185832756418,4.61405769792576,1.46935839420476,2.54888761977435,-1.50615467936019,0.730177086801267,0.730177086801267,0.0427263479145473,3.38848389949107,0.0569159099525888,27.9741697416974,33.25,0.322712752332483,"138104a",-0.442122186495177,-0.00524153389004511,1.53067894115071,-0.204690831556503,-0.464285714285714,-0.309065502794596,1.23967422920302,-0.656239257476796,0.439172749391728,0.674300254452926,-0.281859070464768,0.835121516642663,0.813367711225704,-0.78783130957044,0.48951048951049,0.164835164835165,1.61111111111111,-0.6281021353306,-0.769379297290803,2.22197802197802,0.18111753371869,1.54938271604938,-0.0693641618497108,-0.928445118542276,-0.765464753345944,-0.437625822877274,0.76271186440678,0.0448717948717949,0.428,-0.268571428571428,-0.674518201284797,3.22222222222222,0.75,0,0.03,0.14,0.04
"22",22,12.47486877,53.46614456,138.6972809,33.84571838,120.2618484,1110.112793,47.60472488,444.0291443,172.4961243,444.0291443,20.30414772,14.92751408,16.00220108,30.61499214,7.282716751,23.33227539,397.6425781,24.79585266,24.79585266,13.41997814,1.224936604,22.88242531,5.24861908,1.219935536,10.51617908,0.199940905,4.925070286,0.044705488,21.34404564,52.54550934,3.224890947,75.575,12.678,11.565,2.571,1.476546477,0.664082038,1.468,2.283,66.54781343,3.314,2.217,0.977,1.163,0.401,0.084922263,42.049,7,0.423,0.491,0.76,1.615004962,0.759523652,1.609,2.271,0.12,0.567,20.14548462,61.64512074,262.4249421,0.127,0.095,0.033,0.097,0.402,0.055,-4.64327356114381,1.2409067756194,-0.961235863747767,0.204594761521477,0.832710388393778,0.185476897189397,0.60105278063395,0.0453392278224862,52,0.911807706445889,0.483782588491464,0.428025117954425,0.175243393602225,0.00520185367814494,1.12392000563099,1.53954177375317,3.75389897899782,1.98710133772852,0.636512981976694,4.97857946147165,-0.0649229622640477,0.618798780607445,-0.0105458822198065,-0.888881479131115,-0.953222901128369,0.361279238432842,-0.529893724558923,-0.529893724558923,0.175243393602225,10.7057026226535,0.216925478386988,77.9847094801223,74.25,0.339863575322334,"138104a",0.117592678191735,0.113602767299701,-0.13508384864251,-0.0269896193771627,0.0104477611940301,0.238251570062302,-0.0519978106185003,-0.115435647943388,0.0704521556256572,-0.0398406374501993,-0.312380952380952,0.0596968114249166,0.167899271040424,-0.068056489576328,0.0282485875706215,-0.144053601340033,0.346666666666667,0.286593923518248,0.933809675317689,-0.13707729468599,0.182614133833646,-0.219858156028369,0.252032520325203,-0.0017494929769134,0.148725997183786,0.251854592471412,0.724137931034483,0.372727272727273,1.77777777777778,0.404958677685951,0.0863309352517987,1.13333333333333,0.69,0.24,0,0.07,0
"23",23,12.87441635,53.49869919,118.3062973,31.15208626,108.7124939,954.6107178,46.45315552,385.0382385,144.6018982,385.0382385,20.81632042,15.26831341,16.3919487,31.4324131,7.367496967,24.06491661,409.4788818,25.43223381,25.43223381,13.79076099,1.214640617,25.51976013,5.378195286,1.162287593,8.306036949,0.189166054,5.128108501,0.029219031,18.92180252,64.147995,2.74611187,40.65,11.56,37.034,1.414,1.362287823,0.75099631,1.456,2.471,67.46410824,3.738,2.103,0.903,1.08,0.472,0.084747847,42.371,6.966,0.456,0.67,0.719,1.899434194,0.772792128,1.692,2.118,0.141,0.566,16.03121771,61.36932349,263.8699385,0.112,0.067,0.049,0.077,0.38,0.047,-4.43095580685568,2.35205788550334,-0.463680880040707,0.182044733632677,0.801106989814628,0.146212323442197,0.480767863800341,0.0384612882083547,39,0.835992405434519,0.434993585072404,0.400998820362115,0.115746971736205,0.396861488664449,1.15166699230563,1.54993647959239,4.42204111523214,2.08099568116666,0.662022500158824,4.50378780613748,-0.0275042830187109,0.188446512370062,1.48395911255502,-2.49794354124559,0.340900365750876,0.893351481379133,-1.31352227674152,-1.31352227674152,0.115746971736205,7.26652216772523,0.142633932024566,52.9885057471264,51.3333333333333,0.506966662864551,"138111A",0.220161201280777,-0.0129500021629674,0.00265524830915487,0.130952380952381,0.126919140225179,0.200766591914029,-0.00638179800221983,-0.0668402777777778,-0.0965147453083111,0.0726915520628684,-0.00530503978779839,-0.264355729228897,1.13976512943597,-0.294960702727693,-0.140597539543058,0.892230576441103,-0.00291970802919705,0.711869350352189,0.660746631950082,0.143504531722054,0.456909361069836,-0.33,0.197727272727273,-0.300545923794859,0.0994101912693277,0.442201435799149,0.390804597701149,-0.0754716981132075,-0.0681818181818181,0.257731958762887,0.438848920863309,-0.0175438596491229,0.76,0.05,0.05,0.11,0.01
"24",24,12.0446434,53.56783676,155.0525055,38.7011261,133.8505707,1230.775024,47.14621735,485.6012573,189.6169891,485.6012573,20.2440052,15.06855774,16.08232689,30.18432999,7.699489117,22.48484039,383.6312866,24.59764099,24.59764099,12.51353455,1.194116235,24.21467018,2.028835058,1.143324971,8.875918388,0.248414099,4.832206726,0.058920935,19.54282188,47.0014534,3.257363796,606.124,6.586,8.667,1.851,1.190144261,0.766186457,1.211,1.508,38.873808,3.925,2.424,0.868,0.829,0.383,0.099014393,30.881,6.636,0.394,0.494,0.605,1.285139674,0.494774997,1.39,1.264,0.241,0.363,16.6500551,47.77282041,152.4139664,0.065,0.074,0.028,0.081,0.221,0.062,-0.710594320195464,-1.17673688581083,0.421920751974966,0.17200722930234,0.835842813212057,0.0398719056211424,0.470627121658275,0.0352238687415978,22,0.819192072407569,0.420579944097493,0.398612128310076,0.0553709856035437,0.117629944026613,1.19563990022693,1.8059601311921,4.6479965198545,2.43267325876224,0.562416217810761,5.2944701786699,-0.00793776090550685,-0.149750390009529,-1.50033694007538,-0.724338203414363,-2.45685993588184,-0.639039208702589,-0.581965139302481,-0.581965139302481,0.0553709856035437,4.08992911744087,0.0686411724511675,30.9914893617021,43,1.14518015288344,"141009A",0.114010989010989,0.0496234730780207,-0.0838486094523162,-0.00258620689655165,0.0236460717009916,0.099489199314138,-0.03025,-0.0246166263115417,-0.0133779264214047,-0.0396375990939978,-0.0919220055710306,-0.116445673342816,0.0991982558548421,0.0455203474344539,-0.0358056265984655,0.520249221183801,0.148672566371681,0.671528608948113,0.598235400580812,-0.203045685279188,-0.157131960335622,-0.0923076923076924,0.0250696378830084,0.168122297429137,0.0529358065694718,0.0812741960394843,-0.317307692307692,0.0618556701030928,-0.626373626373626,-0.0258620689655172,-0.0452488687782806,-0.235955056179775,0.32,0.01,0.21,0.44,0
"25",25,12.64870453,53.20098877,144.4904327,36.63406372,124.3870544,1175.234253,44.85270691,441.6426392,166.8085938,441.6426392,19.07282639,13.63237,14.63156128,29.47015762,5.694840431,23.77531624,404.3740234,23.6688118,23.6688118,14.02777481,1.156258583,22.92389679,5.548941612,1.276729345,11.36448479,0.234210834,4.992982864,0.048109736,20.85249329,59.82904053,3.5434618,81.846,6.033,15.121,1.963,1.169696748,0.536336534,0.789,1.504,46.58921633,4.061,2,0.788,0.85,0.407,0.092796227,19.2,9.606,0.376,0.348,0.474,0.958458569,0.394716907,0.948,1.092,0.228,0.341,17.16385651,57.61155096,145.1138357,0.08,0.091,0.063,0.084,0.25,0.08,-0.102951194213559,-1.98534984330096,-0.0592330301772165,0.224808917441525,0.803882345221333,0.216032403995145,0.728776758246921,0.0541190806992113,39,0.933955762727602,0.518722479309728,0.415233283417873,0.0732484076433121,0.102613482996799,1.19861006610396,1.16405958544888,3.48821710592537,2.58867665225956,0.601256590141167,4.76991725373765,0.292464526031011,1.50609794432124,-0.142839649849213,2.11677665581805,-0.872234738340641,-0.090162479977689,-0.198334184862704,-0.198334184862704,0.0732484076433121,7.14004085522329,0.0923284212113217,57.9822485207101,58,0.620873117845504,"138111A",0.0194454447245227,0.0368789257862123,-0.00240165762368616,0.0080275229357798,0.0034129692832765,0.0346010241763137,0.00533130236100532,0.0643842616249362,0.0516826923076923,0.0738255033557047,-0.0521172638436482,-0.032347775814504,0.0577041760954535,-0.0686750890832523,0.0655737704918034,0.166153846153846,0.158854166666667,0.0518002547308281,0.347950681529363,-0.194295900178253,-0.00200200200200196,-0.0256410256410257,0.021671826625387,-0.0229057780018476,-0.0648115037465911,0.0169054686043153,0.0112359550561798,-0.0185185185185185,-0.211111111111111,0.0399999999999998,0.0686695278969955,-0.0190476190476191,0.83,0.04,0.04,0.1,0
"26",26,11.60455322,53.166008,170.4892578,37.24684906,138.9720001,1362.873169,48.35898972,531.1469116,213.758316,517.5524292,19.84592438,14.74308586,15.75939178,29.6062336,7.779217243,21.82701683,378.7570801,23.82805061,24.17473793,14.10608292,1.169951916,21.66416931,6.703179359,1.31656456,7.602606297,0.277863413,4.742794991,0.047706813,17.75388718,49.6878624,3.8700881,150.434,4.938,0.094,5.568,1.281970831,0.800105029,0.902,1,34.02541314,3.404,2.75,0.843,0.675,0.384,0.105727429,22.099,8.875,0.429,0.753,0.881,1.401325498,0.552893628,1.099,0.751,0.26,0.27,23.70414933,58.01586742,100.9289522,0.081,0.093,0.064,0.095,0.198,0.077,0.719862558729472,-2.65640309994697,-0.203324237088098,0.15452987892198,0.679258326771485,0.0754367461215912,0.591006438653747,0.0314379215867472,49,0.913200526555794,0.423278745422031,0.489921781133764,0.0954692556634304,0.0476808937325263,1.16542744759746,1.88139275572838,4.37123231545606,1.96262282660885,0.579752304808903,5.47990474701966,-0.583682434643629,-1.34199231499248,-2.6423316468534,0.745250694962196,-1.8878149845141,0.169850541013243,1.24521650940465,1.24521650940465,0.0954692556634304,9.18075250435295,0.12780207925839,78.981684981685,125.666666666667,0.6224238986002,"138119B",-0.0177146194276814,0.0141881543030404,-0.00665595560033283,-0.0127931769722813,0.0266940451745381,-0.0436602844990881,0.035790761700826,0.0999245852187027,-0.108583247156153,-0.034431137724551,0.428571428571429,-0.0548547929833074,0.0767453015305455,-0.026695268740317,0.1045197740113,0.012084592145015,-0.0143626570915619,0.494445397725849,0.168611844343693,0.110262008733624,-0.0792602377807134,-0.0423076923076924,-0.0167224080267558,0.0973401997892414,0.0768248074483904,-0.202290768755906,-0.241758241758242,0,-0.158730158730159,0.070796460176991,-0.00483091787439616,0.0299999999999998,0.59,0.08,0.23,0.06,0.03
"27",27,14.0608387,53.20017242,101.5246429,25.78069687,96.72099304,869.0558472,48.70245743,357.2359314,123.4647217,357.2359314,18.84444237,12.794487,13.96727848,30.67307091,4.24300909,26.43006134,450.627533,23.99592972,23.99592972,15.17580605,1.217576981,20.56720924,12.53192806,1.303043127,14.28969193,0.164184108,5.369582653,0.064348981,14.84450054,59.03322983,3.002785206,39.082,2.975,2.394,4.97,0.669105982,0.906094877,0.862,1.056,18.18686352,6.635,1.576,1.914,0.567,0.629,0.054219334,14.39,10.212,0.425,0.423,0.681,0.649966737,0.614195793,2.154,2.247,0.305,0.411,4.844480835,17.9559388,41.80438565,0.125,0.077,0.177,0.062,0.316,0.057,4.26913594069288,2.45517947386713,-3.65418207521726,0.227007179637695,0.905853152006199,0.0552132252945256,0.494243764607777,0.053216556525663,17,0.840710174571959,0.485818842254324,0.354891332317636,0.0202839756592292,0.191575340799186,1.09380144241554,0.25545606547779,2.99030986213704,2.19622384999357,0.69817106933331,3.47250090320733,0.449865553451597,1.3322296049458,4.09056411559138,2.72851458909464,2.57062976106479,-0.584601040281726,1.56645998778589,1.56645998778589,0.0202839756592292,2.90121801424679,0.0273647823455073,26.9816753926702,44.5,0.435182702137018,"138119B",-0.341491308325709,-0.0524776076095212,0.0891866609597909,0.790201005025126,-0.123222748815166,-0.257284734285951,0.575689109805694,-0.406717780211756,1.85873015873016,-0.359765051395007,0.215102974828375,-0.287374037375266,-0.432552103213986,0.0854259563482751,0.150819672131147,0.293103448275862,0.628205128205128,0.192774213239749,1.97609921585462,1.25026511134677,1.37340425531915,0.476923076923077,0.219594594594595,-0.48545953702615,-0.542522347369272,-0.544990812857264,1.69090909090909,-0.280575539568345,2.57627118644068,-0.467153284671533,0.0842105263157895,-0.405172413793103,0.44,0,0.25,0.24,0
"28",28,14.06537342,53.23911667,101.2475891,25.80194473,96.59196472,868.3575439,48.76673889,357.1707458,123.7517853,357.1707458,18.88757324,12.84397888,14.01525879,30.70387077,4.28462553,26.41924477,450.1040344,24.03188324,24.03188324,15.2666378,1.219159245,25.6273365,6.38536644,1.241523743,16.11069298,0.20807229,5.620397568,0.063536696,16.67122459,55.79307556,3.169724464,39.082,2.975,2.394,4.97,0.669105982,0.906094877,0.862,1.056,18.18686352,6.635,1.576,1.914,0.567,0.629,0.054219334,14.39,10.212,0.425,0.423,0.681,0.649966737,0.614195793,2.154,2.247,0.305,0.411,4.844480835,17.9559388,41.80438565,0.125,0.077,0.177,0.062,0.316,0.057,4.26913594069288,2.45517947386713,-3.65418207521726,0.158905670426836,0.871491867590665,0.00449635754735204,0.497674995916264,0.0341820394043783,12,0.580464675812837,0.334466767842336,0.245997907970501,0.0285087719298246,0.273247114286017,1.21337935596757,3.1015296622635,5.07909792204796,2.05292394870049,0.606394021940555,5.3641427340935,0.0118446312240016,0.634194964813901,4.09982709543573,2.61444809269268,1.6613728111744,-2.52041896104086,0.430167436972317,0.430167436972317,0.0285087719298246,2.12331813273801,0.0328881314732615,14.9969879518072,14,0.653328656227081,"141009A",-0.341491308325709,-0.0524776076095212,0.0891866609597909,0.790201005025126,-0.123222748815166,-0.257284734285951,0.575689109805694,-0.406717780211756,1.85873015873016,-0.359765051395007,0.215102974828375,-0.287374037375266,-0.432552103213986,0.0854259563482751,0.150819672131147,0.293103448275862,0.628205128205128,0.192774213239749,1.97609921585462,1.25026511134677,1.37340425531915,0.476923076923077,0.219594594594595,-0.48545953702615,-0.542522347369272,-0.544990812857264,1.69090909090909,-0.280575539568345,2.57627118644068,-0.467153284671533,0.0842105263157895,-0.405172413793103,0.51,0,0.18,0.23,0.04
"29",29,11.17449665,52.54397583,242.6692505,48.59143829,182.3864441,1913.459473,49.57830048,746.788147,283.4237671,690.0335693,19.51111221,14.58577728,15.450737,28.89967346,7.632732391,21.26694107,368.1811829,22.25592422,23.73807335,12.34877777,1.003418565,25.05378723,0.949811876,1.130906701,8.59089756,0.198651895,4.557004452,0.051866807,24.11776924,47.61996078,5.469777107,52.146,3.979,8.316,2.639,1.313830399,0.639627201,0.694,0.893,25.63287692,3.632,3,0.725,0.543,0.31,0.097974917,18.964,9.474,0.355,0.315,0.531,1.213573428,0.447857937,0.692,0.874,0.248,0.331,18.7963794,39.01854409,76.88633836,0.069,0.156,0.051,0.154,0.213,0.094,1.84036626933723,-4.25472644359175,0.820303857324957,0.145355116574463,0.665979319786489,0.116626436913558,0.539856412771045,0.0260887873598982,53,0.931474724777228,0.42349195923566,0.507982765541567,0.145454545454545,0.250546472290922,1.12882957360683,1.45840065961793,3.98157902795388,2.16466305332121,0.609208654303472,4.68787677269675,-0.552874730548496,-2.04476680923177,-7.00727758200697,3.24520977412875,-5.46474776168355,-0.119898891674504,-1.7407840137202,-1.7407840137202,0.145454545454545,10.5145997464023,0.193121096460791,84.9732824427481,88.5,0.821453105187679,"138102C",-0.0749864645370872,-0.110735068187682,-0.311426541515548,-0.190871369294606,-0.10188679245283,-0.133379112893837,0.0852580553179356,0.168929110105581,0.034993270524899,0.0343213728549143,0.0377906976744187,0.0172732950520831,0.074936400840615,0.0555555555555556,-0.00626959247648906,-0.280839895013123,-0.134663341645885,0.183310729466769,0.266536381860242,-0.0191518467852257,0.0958385876418664,-0.0597014925373135,-0.00664451827242529,-0.0642628228608096,-0.117266421945485,-0.0596294078488724,-0.0121951219512195,0.837037037037037,-0.0750000000000001,1.42148760330578,0.0240384615384615,0.466666666666667,0.83,0,0,0.17,0
"30",30,10.52274036,51.77017593,235.4803925,47.70982361,178.168335,1776.338745,47.14861298,678.9696045,252.994751,625.2341919,19.01957512,14.23756695,15.07779884,28.07697296,7.751098633,20.32587433,357.7488403,21.70390701,23.13147545,13.11222649,0.961631596,27.44244576,2.835472107,1.126103163,8.552789688,0.192815363,4.608438492,0.058842644,25.17512321,43.12921906,4.636009216,52.146,3.979,8.316,2.639,1.313830399,0.639627201,0.694,0.893,25.63287692,3.632,3,0.725,0.543,0.31,0.097974917,18.964,9.474,0.355,0.315,0.531,1.213573428,0.447857937,0.692,0.874,0.248,0.331,18.7963794,39.01854409,76.88633836,0.069,0.156,0.051,0.154,0.213,0.094,1.84036626933723,-4.25472644359175,0.820303857324957,0.205908700770283,0.883551758754448,0.0819384975777973,0.614053020317828,0.0461709905201367,38,0.909540032522808,0.493799841342684,0.415740191180125,0.195918367346939,0.0293214862681745,1.11940284601247,1.7198145916481,4.12629558122337,2.04232153970816,0.588453000726882,7.07284409639742,-0.429625884050141,0.740169711974374,-7.19846931730135,4.14969439728466,-5.16459152309389,-0.755043430134968,-1.08573078382331,-1.08573078382331,0.195918367346939,8.72527668452179,0.257022573272924,62.9705304518664,70.5,0.727106390376816,"138102C",-0.0749864645370872,-0.110735068187682,-0.311426541515548,-0.190871369294606,-0.10188679245283,-0.133379112893837,0.0852580553179356,0.168929110105581,0.034993270524899,0.0343213728549143,0.0377906976744187,0.0172732950520831,0.074936400840615,0.0555555555555556,-0.00626959247648906,-0.280839895013123,-0.134663341645885,0.183310729466769,0.266536381860242,-0.0191518467852257,0.0958385876418664,-0.0597014925373135,-0.00664451827242529,-0.0642628228608096,-0.117266421945485,-0.0596294078488724,-0.0121951219512195,0.837037037037037,-0.0750000000000001,1.42148760330578,0.0240384615384615,0.466666666666667,0.88,0,0,0.12,0
"31",31,13.06978035,53.59132385,108.6091537,29.7261982,104.8832703,890.574585,46.1077919,359.6753845,127.2458649,359.6753845,21.14114952,15.52523422,16.65835571,31.94254684,7.554680824,24.38786507,414.8168335,25.8211174,25.8211174,13.62606239,1.303489804,23.73209763,3.837403059,1.038965583,9.863471031,0.167249128,5.192152023,0.03850754,17.60295868,58.60747528,3.189157724,116.234,9.583,101.576,0.967,1.395744791,0.719178554,1.384,2.606,60.88900838,4.528,2.182,0.94,0.813,0.547,0.073068121,57.578,5.727,0.505,0.773,0.955,2.694796703,1.133136604,1.424,2.255,0.123,0.799,17.96204209,69.50112704,219.7135348,0.185,0.074,0.121,0.068,0.457,0.042,-4.96470546288422,4.98907354988087,0.462458792957398,0.223969299522593,0.916291456000237,0.0657200689574941,0.620899123934026,0.0518068759153934,22,0.869898046738645,0.500064593628135,0.369833453110509,0.0530386740331492,0.582416906845231,1.18896155541713,0.940376423872835,3.28411584981106,2.18852079804243,0.615829790922602,4.28767153641743,0.134124662777088,1.32849203740086,2.21949052313177,-3.50654249279646,0.616560674271642,0.138788096424435,-1.89629739939409,-1.89629739939409,0.0530386740331492,3.92491136727137,0.0640547096078696,28.984756097561,36.5,0.817689868181536,"138107AB",0.00571102227298681,0.0504785792542493,-0.0618946118756102,0.0251572327044025,0.109780439121757,0.0550812422020202,0.0636042402826855,0.0125868055555558,0.0573689416419387,-0.280583613916947,-0.216216216216216,-0.222717281374247,0.393700787401575,-0.0345826235093697,-0.238095238095238,0.272058823529412,-0.197727272727273,1.98175264737137,2.97299094597072,-0.226618705035971,0.384129213483146,-0.312169312169312,0.12199036918138,0.303517323150992,0.194943715480122,-0.0596172426341022,0.627659574468085,-0.0229885057471263,1.96551724137931,-0.0612244897959184,0.233128834355828,0.2,0.85,0,0.02,0.07,0.04
"32",32,13.08115482,53.55379486,108.502037,29.91205215,105.2748108,890.8356323,46.11059952,359.6354675,126.305603,359.6354675,21.08807755,15.45806599,16.59514046,31.91534805,7.489153385,24.42619514,415.869751,25.77962494,25.77962494,13.79745483,1.30492723,37.01009369,3.663620472,1.25180757,11.79919052,0.165497899,5.533581257,0.052234191,18.10488892,48.8753624,2.965215921,116.234,9.583,101.576,0.967,1.395744791,0.719178554,1.384,2.606,60.88900838,4.528,2.182,0.94,0.813,0.547,0.073068121,57.578,5.727,0.505,0.773,0.955,2.694796703,1.133136604,1.424,2.255,0.123,0.799,17.96204209,69.50112704,219.7135348,0.185,0.074,0.121,0.068,0.457,0.042,-4.96470546288422,4.98907354988087,0.462458792957398,0.176868808546286,0.843327365995386,0.0218371069107039,0.44955516313511,0.033329860794693,16,0.649764165246671,0.360093771043075,0.289670394203596,0.0368932038834951,0.86255583859982,1.04805944097548,1.34639277324175,3.47056532663672,1.98051013426331,0.742545623963998,2.29339916252758,-0.32560063943168,0.416172715872348,2.23172976835265,-3.358165470415,0.242484791199801,-2.08922453015336,0.0502245999017306,0.0502245999017306,0.0368932038834951,3.04283986995613,0.0465931316406181,23.9954627949183,25.25,0.800747334198981,"138107AB",0.00571102227298681,0.0504785792542493,-0.0618946118756102,0.0251572327044025,0.109780439121757,0.0550812422020202,0.0636042402826855,0.0125868055555558,0.0573689416419387,-0.280583613916947,-0.216216216216216,-0.222717281374247,0.393700787401575,-0.0345826235093697,-0.238095238095238,0.272058823529412,-0.197727272727273,1.98175264737137,2.97299094597072,-0.226618705035971,0.384129213483146,-0.312169312169312,0.12199036918138,0.303517323150992,0.194943715480122,-0.0596172426341022,0.627659574468085,-0.0229885057471263,1.96551724137931,-0.0612244897959184,0.233128834355828,0.2,0.81,0,0.02,0.07,0.06
"33",33,12.94884014,53.4006958,111.7205811,31.37485695,109.610878,931.4139404,46.89871979,376.1097107,129.9486847,376.1097107,21.07334709,15.45924377,16.59062576,31.86720276,7.618754387,24.24844742,414.7208557,25.75291061,25.75291061,14.31150627,1.329680443,22.39549446,6.105927467,1.190771341,10.37076378,0.14967297,5.232156277,0.039847791,18.41442299,55.94258118,2.410166264,274.858,7.339,56.606,1.306,1.353007735,0.603340634,1.219,2.231,44.89518588,4.419,2.242,0.829,0.811,0.425,0.058321024,40.891,7.606,0.325,0.519,0.516,1.302610803,0.598883787,1.166,1.139,0.1,0.632,22.19790583,63.38431845,154.3072714,0.143,0.086,0.08,0.091,0.497,0.045,-2.51244797038708,1.10291184477951,0.816256450736121,0.216544860322834,0.856537038251285,0.0793687476285389,0.587868640820283,0.0502204937811444,25,0.865330585501224,0.471826013609716,0.393504571891507,0.0416976917349218,0.0223887163092591,1.17007367709915,1.52145712119256,3.89875317375364,2.01818220496142,0.60118354282278,4.366103095226,0.264561274453607,1.04142974399487,1.81431783371165,-3.13937908390336,1.8075307368938,0.597236355304592,-0.684618330031288,-0.684618330031288,0.0416976917349218,4.30139637634016,0.0535871523744939,35.9837728194726,38.6666666666667,0.153621299155006,"138003D",0,0.00303829687017698,-0.00978943145263111,-0.0404964075767471,0.0406063887384949,-0.0400337654839861,0.0210900473933651,0.0542778288868444,-0.104689203925845,0.223853211009174,0.263157894736842,0.0616632087826423,-0.0454414241039212,0.0307568868681467,-0.0383386581469649,-0.180987202925046,0.0318091451292246,0.276230613347685,0.522375967795645,-0.0651607298001737,-0.178343949044586,0.0396039603960394,-0.063467492260062,-0.145717360772446,-0.0233642114006055,0.0600219891999838,-0.0606060606060607,-0.011627906976744,0.0338983050847459,-0.110236220472441,-0.00204081632653064,0.0408163265306121,0.79,0,0.02,0.18,0
"34",34,12.94884014,53.4006958,111.7205811,31.37485695,109.610878,931.4139404,46.89871979,376.1097107,129.9486847,376.1097107,21.07334709,15.45924377,16.59062576,31.86720276,7.618754387,24.24844742,414.7208557,25.75291061,25.75291061,14.60508251,1.313132644,19.72196579,5.616991997,1.226912618,11.1349268,0.146004155,5.318706989,0.04654979,16.1189518,59.92668533,2.291818619,274.858,7.339,56.606,1.306,1.353007735,0.603340634,1.219,2.231,44.89518588,4.419,2.242,0.829,0.811,0.425,0.058321024,40.891,7.606,0.325,0.519,0.516,1.302610803,0.598883787,1.166,1.139,0.1,0.632,22.19790583,63.38431845,154.3072714,0.143,0.086,0.08,0.091,0.497,0.045,-2.51244797038708,1.10291184477951,0.816256450736121,0.187551868713174,0.874086105130245,0.0821483359063863,0.539776386057473,0.0417003620694751,22,0.87478370840188,0.450936482403094,0.423847225998786,0.0277252678008822,0.079956966265099,1.22224953345545,1.81739189869204,4.5762227583659,2.15352118926516,0.616809340455137,3.78138484567505,0.579439877386186,0.12893661520164,1.81431783371165,-3.13937908390336,2.78500271846962,0.529066098289233,-0.527904507019765,-0.527904507019765,0.0277252678008822,3.29516259917095,0.0327541658752484,25.9904306220096,24.6666666666667,0.449340354432403,"138003D",0,0.00303829687017698,-0.00978943145263111,-0.0404964075767471,0.0406063887384949,-0.0400337654839861,0.0210900473933651,0.0542778288868444,-0.104689203925845,0.223853211009174,0.263157894736842,0.0616632087826423,-0.0454414241039212,0.0307568868681467,-0.0383386581469649,-0.180987202925046,0.0318091451292246,0.276230613347685,0.522375967795645,-0.0651607298001737,-0.178343949044586,0.0396039603960394,-0.063467492260062,-0.145717360772446,-0.0233642114006055,0.0600219891999838,-0.0606060606060607,-0.011627906976744,0.0338983050847459,-0.110236220472441,-0.00204081632653064,0.0408163265306121,0.79,0,0.02,0.18,0
"35",35,10.97059822,52.58348465,213.3515625,44.04603958,173.1053314,1520.851685,45.97392654,592.9439087,231.3616486,544.2750854,20.55004311,15.65501595,16.54094124,29.69727135,8.834071159,20.86319923,364.0437317,23.17619514,24.71052933,13.43427181,1.137929797,22.00115776,5.382903576,1.333310246,9.882054329,0.178362012,4.592539787,0.04280049,18.11139297,48.39881516,3.442286491,57.091,5.573,6.154,2.241,1.271408803,0.762396875,0.811,0.928,32.52428579,3.064,3.615,0.686,0.641,0.245,0.078646372,19.354,12.538,0.301,0.35,0.374,1.704401745,0.865968366,0.742,0.926,0.137,0.345,24.87269447,59.94244277,117.4949817,0.045,0.097,0.02,0.103,0.392,0.063,-1.03375487986343,-3.64418782258105,0.259847949087675,0.195851813133178,0.801343739659693,0.0611360587614869,0.565643504276563,0.0452929854588577,34,0.898703394654306,0.474560458973892,0.424142935680414,0.117103235747304,0.227048778248531,1.18185539336624,1.57460712838399,3.59482045890075,2.27267922263304,0.558064368297078,7.18698927421337,-0.414650001941359,0.328894973767881,-5.37955811569827,-0.314422756100662,-1.38192468897784,1.03595818008223,0.350821153002136,0.350821153002136,0.117103235747304,6.57179583444437,0.141717416293687,45.9873015873016,42,1.03765197385964,"138002C",0.0607449856733524,0.0142642577056449,-0.05402030365079,0.0326633165829144,-0.0188087774294671,0.0759798093804798,-0.00760833608997691,-0.0313643491897544,-0.0195258019525802,-0.310933940774487,-0.35973597359736,-0.0532499440734573,0.062689481527157,-0.0482988341660718,0.112554112554113,0.133333333333333,-0.115044247787611,0.206254978844597,0.338079927139137,-0.2,0.0345982142857144,-0.0441176470588236,-0.0485436893203884,0.636061521804625,0.20212045251209,-0.0654472340680781,0.0465116279069768,0.159663865546219,-0.558139534883721,-0.0381679389312978,0.137362637362637,-0.0555555555555556,0.41,0.11,0.38,0.1,0
"36",36,11.03294468,52.65035629,215.574234,44.22987366,174.6337128,1535.767944,45.53351593,594.2196655,230.5741577,547.2348633,20.52801132,15.62129784,16.50552559,29.70281219,8.747694016,20.95511818,365.2148743,23.16340446,24.70670891,13.24448299,1.162249923,18.37912178,14.67020321,1.476833224,7.618019581,0.20398964,4.710796833,0.035720848,19.27512932,51.20161819,3.259968758,57.091,5.573,6.154,2.241,1.271408803,0.762396875,0.811,0.928,32.52428579,3.064,3.615,0.686,0.641,0.245,0.078646372,19.354,12.538,0.301,0.35,0.374,1.704401745,0.865968366,0.742,0.926,0.137,0.345,24.87269447,59.94244277,117.4949817,0.045,0.097,0.02,0.103,0.392,0.063,-1.03375487986343,-3.64418782258105,0.259847949087675,0.192612523375034,0.851343931268909,0.0087775317277878,0.622610542122456,0.0444236173793976,25,0.828532738948386,0.446611004291729,0.381921734656658,0.0655737704918033,0.0630809880619507,1.17820433616377,2.02753303573526,4.79886825016348,2.28160075766298,0.553568708910325,6.18107850591621,-0.463238395002081,0.444347548453795,-5.37303840660485,-0.310260148246112,-0.911921859725631,2.68872278342356,2.42491329410942,2.42491329410942,0.0655737704918033,4.62291538526802,0.0795907681153583,33.985257985258,46,0.495312362707288,"138002C",0.0607449856733524,0.0142642577056449,-0.05402030365079,0.0326633165829144,-0.0188087774294671,0.0759798093804798,-0.00760833608997691,-0.0313643491897544,-0.0195258019525802,-0.310933940774487,-0.35973597359736,-0.0532499440734573,0.062689481527157,-0.0482988341660718,0.112554112554113,0.133333333333333,-0.115044247787611,0.206254978844597,0.338079927139137,-0.2,0.0345982142857144,-0.0441176470588236,-0.0485436893203884,0.636061521804625,0.20212045251209,-0.0654472340680781,0.0465116279069768,0.159663865546219,-0.558139534883721,-0.0381679389312978,0.137362637362637,-0.0555555555555556,0.34,0.25,0.14,0.21,0.05
"37",37,12.76169014,53.53497696,111.2847977,30.4341011,104.5128937,899.5317993,45.75644302,359.5658875,130.8409424,359.5658875,21.37773705,15.88125324,16.97680092,31.94215965,8.104118347,23.83804131,406.1400757,25.96599197,25.96599197,14.16942883,1.336469054,21.00814438,8.671669006,1.117469311,10.60014534,0.179275975,4.934397697,0.042755529,15.52996254,56.90710068,2.652782917,2482.439,5.878,1.727,2.614,1.333501045,0.756948308,1.272,1.633,27.27722454,4.533,2.727,0.881,0.825,0.438,0.086182581,35.074,6.909,0.454,0.431,0.604,0.750894584,0.300746161,1.145,1.026,0.196,0.405,17.00050555,35.22671333,100.8330118,0.061,0.08,0.029,0.086,0.26,0.068,0.11285878333467,-1.3435545719765,1.6070049527889,0.220159153157278,0.866895449503176,0.016343947615563,0.623390958912701,0.0493962535515222,21,0.837680495459713,0.473180494599619,0.364500000860094,0.0384951881014873,0.152918477209689,1.18557418997107,1.3208989533324,3.4288381399101,2.50110743958304,0.582102595160786,5.92766070238785,-0.212214304258332,1.26243624210825,1.71260619183574,-4.15932771354665,1.58449071232646,0.640615945203954,-0.210660926177725,-0.210660926177725,0.0384951881014873,3.4655140878424,0.0454792936290689,25.9914163090129,24.6666666666667,0.630093470516801,"138001A",0.174616006467259,0.0136777764425071,-0.0582647707558035,0.164545454545454,0.125088339222615,0.145002897027722,-0.0171984611903144,0.0356083086053411,0.00108932461873645,-0.142207053469852,0.218934911242603,-0.132465291034125,0.679349186483104,-0.231584525702173,0.137362637362637,0.334630350194553,0.205811138014528,0.417864687204667,-0.0231182988020771,0.179274611398964,0.208333333333333,-0.180672268907563,0.154302670623145,0.255255897565871,0.143168906046311,0.0554727122943797,-0.425,-0.0857142857142856,-0.513157894736842,-0.218978102189781,0.0203252032520325,0.150684931506849,0.61,0.03,0.15,0.15,0.03
"38",38,12.85115528,53.58969116,109.3406754,29.37934494,103.131218,884.9790039,45.77086258,355.3100891,129.1053925,355.3100891,21.2983799,15.77677727,16.88384438,31.91546631,7.934816837,23.98064995,407.9249268,25.90482712,25.90482712,14.47156811,1.305361032,19.64848709,6.043702602,1.209150076,12.00130653,0.159985557,5.336770535,0.04734074,18.62579727,62.17832947,2.356807947,2482.439,5.878,1.727,2.614,1.333501045,0.756948308,1.272,1.633,27.27722454,4.533,2.727,0.881,0.825,0.438,0.086182581,35.074,6.909,0.454,0.431,0.604,0.750894584,0.300746161,1.145,1.026,0.196,0.405,17.00050555,35.22671333,100.8330118,0.061,0.08,0.029,0.086,0.26,0.068,0.11285878333467,-1.3435545719765,1.6070049527889,0.184093870875753,0.854356091243028,0.00221347107555463,0.590799636024473,0.0358490050475743,14,0.739308084979581,0.402182936397919,0.337125148581663,0.0148148148148148,0.352450279361955,1.1034974091798,0.898047944647337,3.92765369517496,2.29823316674811,0.646532269801723,3.35554341696289,-0.101940295603673,0.415433445098314,1.95562863657583,-3.98609078150851,2.40548380115214,0.422552823230059,-0.800522167770611,-0.800522167770611,0.0148148148148148,2.16757436524383,0.0167848977725521,16.994708994709,16,0.144504957682922,"138004AB",0.174616006467259,0.0136777764425071,-0.0582647707558035,0.164545454545454,0.125088339222615,0.145002897027722,-0.0171984611903144,0.0356083086053411,0.00108932461873645,-0.142207053469852,0.218934911242603,-0.132465291034125,0.679349186483104,-0.231584525702173,0.137362637362637,0.334630350194553,0.205811138014528,0.417864687204667,-0.0231182988020771,0.179274611398964,0.208333333333333,-0.180672268907563,0.154302670623145,0.255255897565871,0.143168906046311,0.0554727122943797,-0.425,-0.0857142857142856,-0.513157894736842,-0.218978102189781,0.0203252032520325,0.150684931506849,0.61,0.03,0.16,0.15,0.03
"39",39,11.78693485,52.91530228,143.7282715,34.88155746,122.7455292,1036.102783,43.39176559,393.5278625,156.8903961,393.5278625,21.34997559,16.15975952,17.16520882,31.23970032,8.964603424,22.27509689,384.5278015,25.71652603,25.71652603,12.95532322,1.294698834,13.07931328,11.04504585,1.326170564,5.092062473,0.097677544,4.680103779,0.027188832,16.64107323,74.51133728,2.997516155,423.205,6.013,0.333,5.099,1.241722097,0.831979773,1.49,1.394,29.48135773,4.697,2.444,0.979,0.898,0.332,0.084566581,41.458,6.481,0.465,0.468,0.615,0.831469382,0.387077185,1.062,1.03,0.16,0.49,20.05988351,33.06891459,87.04866908,0.075,0.092,0.016,0.083,0.307,0.076,-0.232873670067235,-0.82777686814197,0.845320440372696,0.222549703995221,0.868785754394512,0.0630907351264467,0.593231345962934,0.0508372065799052,31,0.873954945138344,0.491850646425637,0.382104298712707,0.110935023771791,0.00275038758614471,1.18540859519431,1.27828595426592,2.98140142485428,2.42976098817728,0.581080591073469,6.33607466833611,-0.236909966585907,1.33034320327223,-0.837110787460896,-4.02500566060056,2.04329451586721,5.11319647138016,-0.46245510057524,-0.46245510057524,0.110935023771791,6.0825573179968,0.145717106233618,45.9737470167064,65.25,0.173787351942766,"138004AB",0.265231431646932,0.153764930789752,-0.130146278089213,0.0525974025974025,0.0113960113960114,0.120798031600183,-0.144854972375691,0.144705318639195,-0.164871582435791,0.903225806451613,-0.0255681818181817,-0.157201683328641,0.138024568999244,-0.0585565138447571,0.101333333333333,0.158774373259053,-0.0388639760837071,1.59576831784161,1.5712416998936,-0.117973079968329,-0.221565731166913,-0.181818181818182,0.0860927152317881,0.173350926563961,-0.128507725421755,0.137822493319992,0.0506329113924051,0.192660550458716,-0.553191489361702,0.176991150442478,0.230452674897119,0.333333333333333,0.15,0.53,0.04,0.26,0.01
"40",40,11.7918005,52.94063568,143.6903229,34.89833069,122.7991409,1036.55127,43.42730713,393.9874573,156.9142151,393.9874573,21.33830452,16.1499939,17.15788841,31.23360062,8.959971428,22.27363014,384.3728027,25.70302582,25.70302582,13.5854063,1.302524924,18.68117142,10.38372803,1.281009197,7.484339714,0.126680046,4.689802647,0.035884593,21.14614296,62.0632782,3.012557745,423.205,6.013,0.333,5.099,1.241722097,0.831979773,1.49,1.394,29.48135773,4.697,2.444,0.979,0.898,0.332,0.084566581,41.458,6.481,0.465,0.468,0.615,0.831469382,0.387077185,1.062,1.03,0.16,0.49,20.05988351,33.06891459,87.04866908,0.075,0.092,0.016,0.083,0.307,0.076,-0.232873670067235,-0.82777686814197,0.845320440372696,0.172285214908279,0.932547751090673,0.0934517632109642,0.650784630646437,0.0376833100217907,24,0.667189878458645,0.362277672879182,0.304912205579463,0.106623586429725,0.00169993406879132,0.899332657760227,1.14950564700999,2.07590531170049,2.18468153446222,0.6302473035084,6.17612341175589,0.429059980769019,0.632030793557976,-0.829302132330486,-4.00483737671891,0.699753788470758,3.11198199103452,-0.166484963040644,-0.166484963040644,0.106623586429725,5.75418328606729,0.135651550660993,41.9841549295775,46.5,0.174369190486887,"138001A",0.265231431646932,0.153764930789752,-0.130146278089213,0.0525974025974025,0.0113960113960114,0.120798031600183,-0.144854972375691,0.144705318639195,-0.164871582435791,0.903225806451613,-0.0255681818181817,-0.157201683328641,0.138024568999244,-0.0585565138447571,0.101333333333333,0.158774373259053,-0.0388639760837071,1.59576831784161,1.5712416998936,-0.117973079968329,-0.221565731166913,-0.181818181818182,0.0860927152317881,0.173350926563961,-0.128507725421755,0.137822493319992,0.0506329113924051,0.192660550458716,-0.553191489361702,0.176991150442478,0.230452674897119,0.333333333333333,0.19,0.49,0.03,0.27,0.01
"41",41,14.09662342,53.7134819,92.11251831,24.20845032,89.97753143,791.9001465,47.44617462,320.8670654,115.3363419,320.8670654,19.20879173,13.27583218,14.41828918,30.8093071,4.565201759,26.24410629,441.4157715,24.24716377,24.24716377,14.97382927,1.244943261,28.71584892,11.97836494,1.29869628,16.80957031,0.228967041,5.545087337,0.096713394,18.30203438,47.97805786,3.331651211,197.653,5.327,0.455,3.946,1.052404972,0.712035739,0.769,1.544,39.93140504,4.299,2.333,0.965,0.763,0.502,0.111685631,11.553,14.394,0.367,0.289,0.51,0.989441091,0.468553475,1.132,1.263,0.249,0.485,26.80926675,56.6587555,119.8170126,0.148,0.074,0.153,0.09,0.267,0.035,0.556887056554124,-1.95393718022595,-2.34430801543583,0.233368936845036,0.894678570123941,0.037710424128964,0.592428715493534,0.0563280375447996,17,0.799037582173504,0.47479187927493,0.324245702898574,0.0636942675159236,0.109023019162119,1.11955190884447,0.685173322742079,2.86615279907312,2.67330280275228,0.589144648913825,5.83256384122596,0.300101447227745,1.61321547741868,4.57942265402873,1.38241864914063,0.724607419084332,-3.70695293439951,2.73483847854331,2.73483847854331,0.0636942675159236,3.47862810022205,0.0763819609648786,23.9839357429719,22.6666666666667,0.69572562004441,"138903A",0.0165306549487341,0.00606630564844512,0.0125549855975005,-0.216444132115249,0.0335392762577229,0.223660109210463,0.230878186968839,-0.135746606334842,-0.140641158221303,0.135215453194651,0.332417582417582,0.776187452344621,0.828875507631984,-0.448592159905079,0.268707482993197,-0.651162790697674,-0.295454545454545,0.249638463427568,-0.176139064257323,-0.124793388429752,0.17896865520728,0.172093023255814,0.419047619047619,0.249472978410139,0.00152936856096875,0.0612512652379629,0.428571428571429,-0.038095238095238,-0.138613861386139,-0.010752688172043,-0.28436018957346,-0.0185185185185185,0.57,0,0.04,0.36,0.02
"42",42,14.096735,53.68322754,93.45349121,24.36452293,90.59474945,800.7449341,47.30292511,324.0668945,115.6099319,324.0668945,19.17386818,13.23464298,14.37964344,30.78903389,4.529929638,26.25910378,441.9187012,24.219244,24.219244,14.59913826,1.251537681,23.55164719,5.615754128,1.274479508,15.01302624,0.177977636,5.608204365,0.065834992,16.84064484,55.09396744,2.759526014,197.653,5.327,0.455,3.946,1.052404972,0.712035739,0.769,1.544,39.93140504,4.299,2.333,0.965,0.763,0.502,0.111685631,11.553,14.394,0.367,0.289,0.51,0.989441091,0.468553475,1.132,1.263,0.249,0.485,26.80926675,56.6587555,119.8170126,0.148,0.074,0.153,0.09,0.267,0.035,0.556887056554124,-1.95393718022595,-2.34430801543583,0.177690964570682,0.818242867255488,0.00992181264795417,0.682550020340675,0.0397029505532904,14,0.646908317171223,0.371499815772487,0.275408501398735,0.0583941605839416,0.18743559796598,1.17040365176141,2.63394547575073,4.66431327343813,2.10260817453997,0.608500007969993,5.54426170024598,0.142796593200674,0.907262564496415,4.52172943461357,1.47552512946513,1.99660788020258,-1.70086361725217,0.293857380783824,0.293857380783824,0.0583941605839416,2.85046050913947,0.069269086604853,18.9797297297297,16.75,0.890768909106084,"138903A",0.0165306549487341,0.00606630564844512,0.0125549855975005,-0.216444132115249,0.0335392762577229,0.223660109210463,0.230878186968839,-0.135746606334842,-0.140641158221303,0.135215453194651,0.332417582417582,0.776187452344621,0.828875507631984,-0.448592159905079,0.268707482993197,-0.651162790697674,-0.295454545454545,0.249638463427568,-0.176139064257323,-0.124793388429752,0.17896865520728,0.172093023255814,0.419047619047619,0.249472978410139,0.00152936856096875,0.0612512652379629,0.428571428571429,-0.038095238095238,-0.138613861386139,-0.010752688172043,-0.28436018957346,-0.0185185185185185,0.58,0,0.02,0.36,0.04
"43",43,13.65824986,53.55883789,94.59613037,25.63823128,89.25119019,812.305603,46.68381882,322.0532837,120.3369522,322.0532837,19.76967621,13.95260429,15.06899071,31.0545845,5.553191662,25.50139236,431.8603516,24.68051529,24.68051529,14.18189144,1.26809752,18.57963562,6.886637688,1.305926561,14.01405716,0.164609596,5.712595463,0.063174807,16.89924431,61.37449646,2.53485775,117.31,8.92,97.606,1.126,1.040013639,0.742698832,1.283,2.063,55.51873668,3.768,2.485,0.83,0.935,0.327,0.068050465,43.014,7.121,0.42,0.655,1.127,2.433245248,0.844744694,1.066,1.409,0.107,0.693,28.43396982,74.95944932,208.5145853,0.157,0.074,0.113,0.09,0.486,0.04,-4.46550238508137,2.37405984477488,0.661129432449212,0.213520996970348,0.951937511507754,0.0129885995116538,0.588179339376523,0.0468689186920759,15,0.861108588386941,0.474466259517565,0.386642328869376,0.0384245917387128,0.287683267004273,1.14878660932033,1.10500906103038,2.90732431372534,2.10012717526534,0.629873311474332,5.06102187365797,0.202357954485605,0.949091441891521,3.83036878663518,-0.0713734624406568,2.83872122220308,-0.468736002789083,0.127354425150564,0.127354425150564,0.0384245917387128,3.19754945536934,0.0422574925564301,21.9950248756219,22,0.319754945536934,"145012A",0.663592622293504,-0.00158096614523651,0.0250566758717674,0.15848406546081,0.270935960591133,0.642468256948048,0.0164804469273743,-0.114285714285714,-0.0119474313022701,0.413416536661466,-0.00724637681159424,-0.299874667565238,1.22042895442359,-0.336530403203278,0.189873417721519,0.753462603878116,0.200413223140496,1.76997842787514,0.839255357171614,0.047568710359408,0.0970149253731343,-0.476190476190476,0.553475935828877,0.127665161945559,0.421558541044532,0.902907146861011,0.402597402597403,0,-0.367816091954023,0.0754716981132075,0.608856088560886,-0.174603174603175,0.87,0,0.02,0.07,0.03
"44",44,13.64211178,53.48610306,94.92906952,25.67058182,90.1111908,823.6616211,47.3900795,330.3085022,122.2958603,330.3085022,19.60213852,13.77093887,14.89660072,30.93268585,5.4267869,25.50589943,433.0838318,24.53026199,24.53026199,13.29948902,1.09079361,26.7574234,1.862619042,1.011930108,16.29348946,0.208528861,5.301919937,0.059132177,15.99515152,46.6536026,3.008567333,117.31,8.92,97.606,1.126,1.040013639,0.742698832,1.283,2.063,55.51873668,3.768,2.485,0.83,0.935,0.327,0.068050465,43.014,7.121,0.42,0.655,1.127,2.433245248,0.844744694,1.066,1.409,0.107,0.693,28.43396982,74.95944932,208.5145853,0.157,0.074,0.113,0.09,0.486,0.04,-4.46550238508137,2.37405984477488,0.661129432449212,0.214834099543613,0.889014092124561,0.00356263515186346,0.592098026318908,0.0492544036974117,13,0.83286642419178,0.469401444564481,0.363464979627299,0.0254022015241321,0.41782747132139,1.15256164909623,0.922838779440423,3.22207730838021,2.15181775723342,0.648954360566473,3.6700694761988,-0.190560086114522,1.01244283921018,3.77564387144909,0.459010212612877,-0.84955524098321,-2.87514397950468,-1.44588457340876,-1.44588457340876,0.0254022015241321,2.35073991203871,0.0304514734835301,17.9815950920245,17.25,0.313431988271828,"145020A",0.663592622293504,-0.00158096614523651,0.0250566758717674,0.15848406546081,0.270935960591133,0.642468256948048,0.0164804469273743,-0.114285714285714,-0.0119474313022701,0.413416536661466,-0.00724637681159424,-0.299874667565238,1.22042895442359,-0.336530403203278,0.189873417721519,0.753462603878116,0.200413223140496,1.76997842787514,0.839255357171614,0.047568710359408,0.0970149253731343,-0.476190476190476,0.553475935828877,0.127665161945559,0.421558541044532,0.902907146861011,0.402597402597403,0,-0.367816091954023,0.0754716981132075,0.608856088560886,-0.174603174603175,0.87,0,0.02,0.07,0.03
