"","site","clim_dnrg","clim_isot","clim_pcld","clim_pdmt","clim_pdry","clim_prec","clim_psea","clim_pwet","clim_pwmt","clim_pwrm","clim_tavg","clim_tcld","clim_tdry","clim_tmax","clim_tmin","clim_trng","clim_tsea","clim_twet","clim_twrm","soil_awc","soil_bdw","soil_cly","soil_der","soil_des","soil_ece","soil_nto","soil_phc","soil_pto","soil_slt","soil_snd","soil_soc","CV.x","MDFAnnZer","CVAnnZer","MDFMDFWet.x","MDFMDFDry.x","CVMDFWet.x","CVMDFDry.x","HSPeak.x","HSMeanDur.x","MDFAnnHSNum.x","CVAnnHSNum.x","CVAnnHSPeak.x","CVAnnHSMeanDur.x","LSPeak.x","LSMeanDur.x","MDFAnnLSNum.x","CVAnnLSNum.x","CVAnnLSPeak.x","CVAnnLSMeanDur.x","MRateRise.x","MRateFall.x","CVAnnMRateRise.x","CVAnnMRateFall.x","BFI.x","CVAnnBFI.x","PS1YrARI.x","PS2YrARI.x","PS10YrARI.x","C_MDFM.x","M_MDFM.x","C_MinM.x","M_MinM.x","C_MaxM.x","M_MaxM.x","regulation","FDis","FDiv","FRic","FEve","RaoQ","nbsp","simpson","FunRao","redun","richness","exotics","SLA","seed.mass","maximum.height","flowering.duration","wood.density","leaf.area","CV.y","MDFMDFWet.y","MDFMDFDry.y","CVMDFWet.y","CVMDFDry.y","HSPeak.y","HSMeanDur.y","MDFAnnHSNum.y","CVAnnHSNum.y","CVAnnHSPeak.y","CVAnnHSMeanDur.y","LSPeak.y","LSMeanDur.y","MDFAnnLSNum.y","CVAnnLSNum.y","CVAnnLSPeak.y","CVAnnLSMeanDur.y","MRateRise.y","MRateFall.y","CVAnnMRateRise.y","CVAnnMRateFall.y","BFI.y","CVAnnBFI.y","PS1YrARI.y","PS2YrARI.y","PS10YrARI.y","C_MDFM.y","M_MDFM.y","C_MinM.y","M_MinM.y","C_MaxM.y","M_MaxM.y","regulated_any"
"1",1,12.14808846,53.61001587,143.561264,33.16362381,118.697998,1153.776733,46.90408707,442.6585693,177.8186035,442.6585693,20.07529831,14.8249712,15.86943626,30.22143364,7.561323643,22.66011047,389.8130493,24.52971649,24.52971649,13.1887064,1.23506403,26.685215,15.96392727,1.13616991,7.168894291,0.225267485,4.850421906,0.067161635,15.6005621,46.35223007,4.216975212,4.938,0.094,5.568,1.281970831,0.800105029,0.902,1,34.02541314,3.404,2.75,0.843,0.675,0.384,0.105727429,22.099,8.875,0.429,0.753,0.881,1.401325498,0.552893628,1.099,0.751,0.26,0.27,23.70414933,58.01586742,100.9289522,0.081,0.093,0.064,0.095,0.198,0.077,0.044342519,0.152562306617325,0.702832489892586,0.0480210401549087,0.685360841619985,0.0302394995721716,32,0.85643209409892,0.410983814406607,0.445448279692313,37,0.0596750241505878,1.18878266791718,1.5841082665515,4.45122056501175,2.29379410606129,0.59764404147303,4.73429114684588,0.0180340864050732,-0.0139896667525077,0.00670055419152926,0.0129589632829372,-0.026,0.0456535306350001,-0.0345540460720615,-0.0908467603702433,0.121809744779582,0.0356589147286821,-0.3,0.058038481892591,-0.071275260195197,0.0274274519407371,-0.0946291560102303,-0.0119402985074627,0.0145719489981786,-0.33085544542361,-0.144283874204944,-0.0993117010816125,0.0860832137733143,0.0441767068273093,0.0170068027210883,-0.0887055808289324,-0.0713438313428458,0.253589604874469,0.318840579710145,0,0.188679245283019,-0.0661157024793387,0.00485436893203883,-0.0291262135922329,""
"2",2,13.82896233,52.80395126,120.412941,29.58830643,112.5138702,967.2439575,46.22595978,388.462738,134.2378693,388.462738,18.44080162,12.39746857,13.57223988,30.23960686,4.050349236,26.18925667,450.3643188,23.59609032,23.59609032,15.017416,1.194262385,19.60969734,3.122287035,1.056316853,16.91392517,0.198060915,5.356603146,0.043224279,17.37374878,57.76696777,3.683989286,5.238,34.226,2,1.157069443,0.912768481,0.893,1.514,36.78501779,4.139,2.548,0.966,0.543,0.402,0.085419686,30.945,7.806,0.549,0.524,1.462,1.292693372,0.506292002,0.995,1.251,0.216,0.397,24.55293846,53.48721834,111.8338714,0.066,0.075,0.017,0.079,0.275,0.051,NA,0.210339661902426,0.907914466773182,0.00312867496708485,0.68446285929574,0.0501088195086899,14,0.855084874154803,0.474557731709024,0.380527142445779,16,0.179701379562486,0.999599426434764,0.19834856891282,3.98595230999975,2.33054627122535,0.69690666635883,2.9795147918984,NA,NA,NA,NA,NA,NA,NA,NA,NA,NA,NA,NA,NA,NA,NA,NA,NA,NA,NA,NA,NA,NA,NA,NA,NA,NA,NA,NA,NA,NA,NA,NA,NA
"3",3,13.79892063,52.7397728,122.8064728,30.03965378,114.0235367,977.3255005,45.59164047,389.674469,135.2442932,389.674469,18.37519836,12.33047295,13.50588894,30.17416573,4.010002136,26.16416359,450.5137939,23.53348923,23.53348923,14.98192692,1.220199227,21.18978882,4.405022621,1.173047423,16.33325577,0.172754243,5.535741329,0.037521992,15.09672832,59.39103699,2.981785536,5.238,34.226,2,1.157069443,0.912768481,0.893,1.514,36.78501779,4.139,2.548,0.966,0.543,0.402,0.085419686,30.945,7.806,0.549,0.524,1.462,1.292693372,0.506292002,0.995,1.251,0.216,0.397,24.55293846,53.48721834,111.8338714,0.066,0.075,0.017,0.079,0.275,0.051,NA,0.195280391130837,0.839307248239627,0.00664088280165538,0.633121640418147,0.0424811809652054,16,0.849716770663628,0.448890633412854,0.400826137250774,17,0.25933873323705,1.24070996226564,0.985117240973407,4.28207610944405,2.23412608181214,0.642859982052916,4.30788214447615,NA,NA,NA,NA,NA,NA,NA,NA,NA,NA,NA,NA,NA,NA,NA,NA,NA,NA,NA,NA,NA,NA,NA,NA,NA,NA,NA,NA,NA,NA,NA,NA,NA
"4",4,11.86628056,52.91636276,174.057312,40.98834229,142.5914917,1332.441895,44.22193527,480.625946,183.9373016,474.7789917,19.85819054,14.70363712,15.59643745,29.6568718,7.232275486,22.42459679,384.7421875,24.0169487,24.25049591,13.15342522,1.197072864,22.65402603,3.583175898,1.129638195,9.990216255,0.174282745,4.612263203,0.044354651,20.67567635,52.77626038,3.385577917,2.975,2.394,4.97,0.669105982,0.906094877,0.862,1.056,18.18686352,6.635,1.576,1.914,0.567,0.629,0.054219334,14.39,10.212,0.425,0.423,0.681,0.649966737,0.614195793,2.154,2.247,0.305,0.411,31.82488102,85.90660662,291.8515941,0.109,0.103,0.066,0.145,0.329,0.078,0.23025904,0.22915060444509,0.921532011390081,0.071913391982478,0.58593870532079,0.0532376267811914,26,0.86552561685257,0.492437364160295,0.373088252692275,29,0.226968726300114,1.14454544403173,1.0253415945677,3.30389719095299,2.58707232899127,0.575819283625609,5.65113410911481,0.048030221262817,0.931350299869084,-0.208392440764318,0.481481481481482,-0.101457725947522,0.350856387187015,-0.5,0.732647814910026,-0.207582938388626,-0.531030070377479,-0.671658986175115,-0.00429375775118535,0.860576240715333,-0.33746212796293,0.282700421940928,-0.186915887850467,0.0449640287769784,0.416025894172803,0.746705273073048,0.164426059979317,0.844047619047619,-0.24025974025974,0.0210696920583469,0.716779108781785,1.90357440726654,1.06581594053477,-0.347107438016529,-0.456140350877193,-0.708860759493671,-0.471774193548387,0.121761658031088,-0.621212121212121,"reg"
"5",5,12.29094696,52.95339203,149.3858643,37.73722458,127.6242981,1211.605347,44.97564697,453.189209,172.3799133,453.189209,18.93275452,13.58786678,14.57236576,29.13799858,5.927121162,23.21087837,397.3336792,23.45186424,23.45186424,13.55158997,1.153934479,21.23000717,4.248885155,1.069239497,10.28589153,0.206879646,4.835061073,0.044240389,20.04157066,49.53961182,3.460840464,6.033,15.121,1.963,1.169696748,0.536336534,0.789,1.504,46.58921633,4.061,2,0.788,0.85,0.407,0.092796227,19.2,9.606,0.376,0.348,0.474,0.958458569,0.394716907,0.948,1.092,0.228,0.341,17.16385651,57.61155096,145.1138357,0.08,0.091,0.063,0.084,0.25,0.08,0.03225678,0.129852946287897,0.519475080717932,0.00839671204774432,0.665456600110475,0.0274101958041791,15,0.508203285843499,0.284799769317165,0.223403516526334,19,0.0754987839676196,1.03811657170002,1.26640378318603,1.53797095032934,2.22168734522298,0.647972478392338,3.9708878208975,-0.0190745319675026,-0.0355672440330956,0.00240743946904054,-0.00796359499431176,-0.00340136054421769,-0.0334438332920277,-0.00530303030303025,-0.0604896783485358,-0.0491428571428572,-0.0687500000000001,0.0549828178694158,0.0334291339450308,-0.0545560634056209,0.0737391304347825,-0.0615384615384615,-0.142480211081794,-0.137078651685393,-0.0492491368944235,-0.258133095147505,0.241150442477876,0.00200601805416256,0.0263157894736843,-0.0212121212121212,0.0234427524860452,0.0693031447737451,-0.0166244249109189,-0.0111111111111111,0.0188679245283019,0.267605633802817,-0.0384615384615383,-0.0642570281124497,0.0194174757281553,"unreg"
"6",6,11.72317886,52.81443024,176.0374756,41.06150436,144.0125732,1327.835083,43.74140549,476.1430969,181.2915497,468.2572937,19.91764832,14.8046999,15.6835041,29.6250782,7.428154945,22.1969223,381.8599243,24.05523682,24.27853966,13.5691967,1.210136533,21.60365295,5.05502224,1.162707686,8.458163261,0.16823931,4.626170158,0.054521311,19.61895943,51.64487076,3.588429213,2.975,2.394,4.97,0.669105982,0.906094877,0.862,1.056,18.18686352,6.635,1.576,1.914,0.567,0.629,0.054219334,14.39,10.212,0.425,0.423,0.681,0.649966737,0.614195793,2.154,2.247,0.305,0.411,31.82488102,85.90660662,291.8515941,0.109,0.103,0.066,0.145,0.329,0.078,0.23025904,0.228022460243593,0.886742193210753,0.112780887664668,0.588555209014331,0.0528741643645316,29,0.835466749103242,0.486875279128876,0.348591469974366,38,0.175001566710535,1.18509671544074,0.952920432200289,2.90200412350428,2.49325030928437,0.530648337873238,6.00010572442729,0.048030221262817,0.931350299869084,-0.208392440764318,0.481481481481482,-0.101457725947522,0.350856387187015,-0.5,0.732647814910026,-0.207582938388626,-0.531030070377479,-0.671658986175115,-0.00429375775118535,0.860576240715333,-0.33746212796293,0.282700421940928,-0.186915887850467,0.0449640287769784,0.416025894172803,0.746705273073048,0.164426059979317,0.844047619047619,-0.24025974025974,0.0210696920583469,0.716779108781785,1.90357440726654,1.06581594053477,-0.347107438016529,-0.456140350877193,-0.708860759493671,-0.471774193548387,0.121761658031088,-0.621212121212121,"reg"
"7",7,14.07360554,52.94544601,105.4663239,26.43251419,100.3714218,891.718811,48.69025803,366.1491089,125.7035065,366.1491089,18.70462036,12.58199692,13.76526833,30.67473793,4.093405247,26.58133316,456.5210266,23.92965889,23.92965889,15.41628075,1.261082053,18.19693756,7.479796886,1.223063111,14.37866402,0.154833391,5.23056221,0.07141079,14.70367241,57.35041428,2.891135216,7.24,37.364,1.729,0.926915936,0.61937384,0.797,1.836,45.98978808,3.433,2.727,0.881,0.686,0.337,0.090146616,38.728,7.091,0.48,0.555,1.245,1.731000704,0.796369806,1.166,1.38,0.168,0.514,28.79246431,73.55893463,169.640694,0.07,0.079,0.017,0.098,0.305,0.042,NA,0.159127654830075,0.606856485156942,0.000179671296569596,0.523388079735892,0.0341387731543362,8,0.663949877380024,0.366478600459686,0.297471276920338,9,0.800886898903079,1.1403392616609,0.862123800147198,3.12855981512907,2.44643960537813,0.52727379488484,2.89782153690347,NA,NA,NA,NA,NA,NA,NA,NA,NA,NA,NA,NA,NA,NA,NA,NA,NA,NA,NA,NA,NA,NA,NA,NA,NA,NA,NA,NA,NA,NA,NA,NA,NA
"8",8,14.16186619,53.05957031,104.2738876,26.21613693,99.22058105,887.4594727,48.90520477,365.0860596,125.504303,365.0860596,18.82969666,12.69645309,13.88093948,30.82767105,4.137168407,26.69050217,457.280304,24.0619545,24.0619545,15.85127831,1.209161758,22.81381226,10.1508894,1.186378241,15.29266071,0.167012811,5.221028805,0.051513221,16.59193039,55.88515472,3.605105877,7.24,37.364,1.729,0.926915936,0.61937384,0.797,1.836,45.98978808,3.433,2.727,0.881,0.686,0.337,0.090146616,38.728,7.091,0.48,0.555,1.245,1.731000704,0.796369806,1.166,1.38,0.168,0.514,28.79246431,73.55893463,169.640694,0.07,0.079,0.017,0.098,0.305,0.042,NA,0.120675001194089,0.856516339090695,0.0585163231282532,0.577566863443555,0.0261587733494214,24,0.392029669784035,0.229316612636742,0.162713057147293,27,0.809950226744829,1.36151344866891,1.3532205049586,3.61327841407138,3.20189773034484,0.5900252520222,5.69556595645421,NA,NA,NA,NA,NA,NA,NA,NA,NA,NA,NA,NA,NA,NA,NA,NA,NA,NA,NA,NA,NA,NA,NA,NA,NA,NA,NA,NA,NA,NA,NA,NA,NA
"9",9,12.50164318,53.60297775,141.7344666,34.50591278,122.2714691,1130.202637,47.68352509,449.5500488,176.7278748,449.5500488,20.58245087,15.22526455,16.28660202,30.84773636,7.52507019,23.32266617,396.1566772,25.05847168,25.05847168,13.66369915,1.241800547,23.01506615,5.216386795,1.193337083,10.38984203,0.210364312,4.973424435,0.046734612,21.46771431,59.48788452,2.84725523,12.678,11.565,2.571,1.476546477,0.664082038,1.468,2.283,66.54781343,3.314,2.217,0.977,1.163,0.401,0.084922263,42.049,7,0.423,0.491,0.76,1.615004962,0.759523652,1.609,2.271,0.12,0.567,20.14548462,61.64512074,262.4249421,0.127,0.095,0.033,0.097,0.402,0.055,0.139512725,0.22074848590677,0.874726166938344,0.184644055116152,0.585137199872287,0.0508731756255975,42,0.931604573169762,0.510834911771095,0.420769661398667,48,0.272795580661861,1.16011585079862,1.37484888276195,2.71318270328779,2.3378922392306,0.599953642579913,4.67837152050317,-0.105219621143188,-0.102013725751749,0.156181438432494,0.0277382645803699,-0.0103397341211228,-0.192409665226845,0.0548498845265588,0.1305,-0.0658153241650296,0.04149377593361,0.454293628808864,-0.0563338596297609,-0.143761773984884,0.0730264107374801,-0.0274725274725275,0.168297455968689,-0.257425742574258,-0.222753984982724,-0.482886029187066,0.158852344296711,-0.154415653093601,0.281818181818182,-0.201298701298701,0.00175255906669225,-0.129470385059973,-0.201185180759852,-0.42,-0.271523178807947,-0.64,-0.288235294117647,-0.0794701986754968,-0.53125,"unreg"
"10",10,12.52034855,53.69879913,134.5861511,31.92234993,115.2363205,1074.434937,47.22675705,429.9311218,163.2787476,429.9311218,20.19496346,14.84904575,15.91521549,30.51366234,7.197780609,23.31588173,395.9205933,24.67420006,24.67420006,13.44261932,1.245633245,21.97478867,10.35305309,1.282849908,10.66763306,0.205140367,5.052348614,0.067297325,18.53188705,50.7361908,2.714846611,1.498,140.083,0.641,1.014855772,1.134334821,0.846,0.756,7.150323096,8.593,1.083,1.619,0.357,0.699,0.023516088,29.977,5.042,0.585,2.372,0.63,0.311205116,0.31323696,0.6,0.844,0.357,0.374,4.233795217,6.383085737,10.29551662,0.109,0.087,0.183,0.095,0.401,0.075,0.472524735,0.219032351900128,0.81208543101413,0.12420009208973,0.55621526892051,0.050726508814477,32,0.872952208241837,0.488629866853198,0.384322341388639,35,0.259097917661057,1.21738207720376,1.21990082915512,3.4995477420472,2.46419892152706,0.566939070131413,4.63387094624538,5.43421998562185,0.211898724865847,-0.103153690538108,0.89272503082614,1.4923928077455,5.33275347599847,-0.688545454545455,3.14145658263305,-0.595522388059701,3.63761467889908,-0.319688109161793,0.577956581458751,-0.520575840710467,2.52871381110584,-0.483630952380952,-0.635201573254671,-0.200674536256324,2.55740415183392,2.14258548730328,0.929088277858177,1.86501901140684,-0.648648648648649,0.197183098591549,3.41210617013611,7.5579322069389,21.7180836211336,-0.371900826446281,-0.331081081081081,-0.761363636363636,-0.296296296296296,0.92485549132948,-0.470588235294118,"reg"
"11",11,12.75006485,53.74793625,135.4541779,33.45661926,117.9629822,1074.04187,46.57189178,427.7681274,161.865509,427.7681274,20.2618618,14.82857132,15.91452885,30.74825287,7.026291847,23.72196007,402.2951965,24.81098747,24.81098747,13.82916737,1.212114453,22.13776588,4.085037231,1.151995182,10.10849953,0.21017696,5.113440037,0.045529574,16.24158669,56.77944565,2.883789539,1.498,140.083,0.641,1.014855772,1.134334821,0.846,0.756,7.150323096,8.593,1.083,1.619,0.357,0.699,0.023516088,29.977,5.042,0.585,2.372,0.63,0.311205116,0.31323696,0.6,0.844,0.357,0.374,4.233795217,6.383085737,10.29551662,0.109,0.087,0.183,0.095,0.401,0.075,0.472524735,0.234236793230213,0.879494371397946,0.120160654201425,0.538153824351455,0.0560571268353541,45,0.844712622232248,0.478695520933818,0.36601710129843,58,0.0935471389671351,1.10246404565823,1.77552356320252,3.2625562880596,2.04610098428683,0.587985650022908,6.03421382735477,5.43421998562185,0.211898724865847,-0.103153690538108,0.89272503082614,1.4923928077455,5.33275347599847,-0.688545454545455,3.14145658263305,-0.595522388059701,3.63761467889908,-0.319688109161793,0.577956581458751,-0.520575840710467,2.52871381110584,-0.483630952380952,-0.635201573254671,-0.200674536256324,2.55740415183392,2.14258548730328,0.929088277858177,1.86501901140684,-0.648648648648649,0.197183098591549,3.41210617013611,7.5579322069389,21.7180836211336,-0.371900826446281,-0.331081081081081,-0.761363636363636,-0.296296296296296,0.92485549132948,-0.470588235294118,"reg"
"12",12,11.86498547,53.43755722,162.6393585,41.4962883,140.6659698,1292.919067,46.8634491,505.5458374,197.6858826,505.5458374,20.10215759,14.96645164,15.97029495,29.93316841,7.729711056,22.20345688,380.9794922,24.43831825,24.43831825,12.74608994,1.190961003,28.29791451,4.900153637,1.084346652,8.864079475,0.236093491,4.712797642,0.065761514,16.90513992,42.53391647,3.873775005,4.439,6.636,1.854,1.289582469,0.793918391,1.045,0.986,28.71736471,4.177,2.394,1.033,0.626,0.376,0.078709517,25.015,6.788,0.418,0.568,0.602,0.628280237,0.3119762,1.21,1.289,0.297,0.318,13.62434045,31.34959012,84.38710703,0.066,0.09,0.056,0.084,0.219,0.066,0.043585689,0.167811084302544,0.771287034600407,0.124457210769531,0.530092711456512,0.0333102551766692,41,0.90584944993537,0.436716725543449,0.46913272439192,51,0.0351135544474007,1.15264003186612,1.99159258744975,4.50462663224273,2.01492206650411,0.597302126469495,5.09738393785892,-0.0349634369287021,-0.0190822309054206,0.0731161547717389,0.0333988212180747,-0.0231277533039648,-0.0248044702195503,-0.025435704192181,-0.00786782061369007,0.0686868686868687,0.0461811722912966,0.0379746835443038,0.161798084694704,-0.0242641209228321,-0.0423549343498517,0.264305177111717,-0.173708920187793,0.0463576158940397,0.00721035232696732,0.0954541479187103,-0.00346921075455331,0.0290846877673225,0.0563380281690142,0.0441176470588234,-0.00884450877646903,0.149340324101732,0.185567576557915,0.432098765432099,-0.0887096774193548,0.569230769230769,-0.0280373831775701,-0.0471698113207546,0.0515463917525771,"reg"
"13",13,11.71324253,53.28598785,175.4606934,43.0949173,149.7206421,1387.564575,47.5550766,546.2020874,216.7168427,538.9719238,19.98009109,14.87631035,15.87691402,29.73024178,7.74839735,21.98184395,378.6060181,23.95103073,24.29091644,13.6856823,1.226225853,20.69457817,6.154711723,1.24091053,9.230606079,0.205991253,4.66545105,0.049153753,19.01200867,46.36630249,3.177581787,4.439,6.636,1.854,1.289582469,0.793918391,1.045,0.986,28.71736471,4.177,2.394,1.033,0.626,0.376,0.078709517,25.015,6.788,0.418,0.568,0.602,0.628280237,0.3119762,1.21,1.289,0.297,0.318,13.62434045,31.34959012,84.38710703,0.066,0.09,0.056,0.084,0.219,0.066,0.043585689,0.160065753998078,0.938916395708234,0.0267275690422602,0.443851313641775,0.0380786921507754,22,0.435439160487212,0.272480470704646,0.162958689782567,27,0.0904229847010465,1.1478991389875,0.614264002597805,2.16575719960807,2.35801943264301,0.557941274235978,8.48695050966565,-0.0349634369287021,-0.0190822309054206,0.0731161547717389,0.0333988212180747,-0.0231277533039648,-0.0248044702195503,-0.025435704192181,-0.00786782061369007,0.0686868686868687,0.0461811722912966,0.0379746835443038,0.161798084694704,-0.0242641209228321,-0.0423549343498517,0.264305177111717,-0.173708920187793,0.0463576158940397,0.00721035232696732,0.0954541479187103,-0.00346921075455331,0.0290846877673225,0.0563380281690142,0.0441176470588234,-0.00884450877646903,0.149340324101732,0.185567576557915,0.432098765432099,-0.0887096774193548,0.569230769230769,-0.0280373831775701,-0.0471698113207546,0.0515463917525771,"reg"
"14",14,11.2981987,52.70613861,154.6040192,38.4026947,133.2174683,1227.518799,47.16553497,483.5106812,189.2409515,483.5106812,19.55472183,14.51522636,15.52140141,29.14513206,7.708920479,21.43621063,373.4295959,23.79650497,23.79650497,13.32135773,1.252987862,23.61512756,5.148770332,1.284927487,10.84250259,0.236646309,4.984775543,0.060827896,21.3055687,51.38861847,2.565692425,6.586,8.667,1.851,1.190144261,0.766186457,1.211,1.508,38.873808,3.925,2.424,0.868,0.829,0.383,0.099014393,30.881,6.636,0.394,0.494,0.605,1.285139674,0.494774997,1.39,1.264,0.241,0.363,16.6500551,47.77282041,152.4139664,0.065,0.074,0.028,0.081,0.221,0.062,0.072890363,0.169215028826883,0.744969381676495,0.0381782946996105,0.468442680682787,0.0349387244414269,25,0.819621694399632,0.415723407576503,0.403898286823129,25,0.0617441618994327,1.18714407044734,1.36200243473894,4.38497499207036,2.49391639407026,0.554654215344304,5.13504428899507,-0.102342786683107,-0.0472774040890109,0.0915226569728729,0.00259291270527218,-0.0230998509687035,-0.0904867454598003,0.031193606599639,0.0252378982209351,0.0135593220338983,0.0412735849056605,0.101226993865031,0.131792318626715,-0.090246009149365,-0.0435384615384616,0.0371352785145889,-0.342213114754098,-0.129429892141757,-0.401745208160513,-0.37430994230475,0.254777070063694,0.186425339366516,0.101694915254237,-0.0244565217391305,-0.143925253202639,-0.0502744860980081,-0.0751652044755875,0.464788732394366,-0.058252427184466,1.67647058823529,0.0265486725663717,0.04739336492891,0.308823529411764,"unreg"
"15",15,11.3000679,52.75831985,170.990799,38.92229843,142.9963226,1301.777466,47.66791153,514.1046143,205.3234863,496.496521,20.22446442,15.2034359,16.17862701,29.71733665,8.29878521,21.41855049,371.7948914,24.12040138,24.44318962,12.78553867,1.235350966,24.98325729,9.086792946,1.12790072,8.41435051,0.249562219,4.876652241,0.061960746,16.99801445,38.54547501,3.182640553,5.348,12.455,2.07,1.229490022,0.846294676,1.008,1.195,29.58064647,3.522,3.424,0.781,0.922,0.35,0.080519335,37.181,6.848,0.316,0.574,0.744,1.308132794,0.629132,1.068,1.122,0.179,0.3,13.98586729,52.80318456,119.0110865,0.052,0.08,0.006,0.103,0.32,0.061,0.112021518,0.211585181183116,0.738820223356068,0.0856019965091269,0.527089767557599,0.0481273902339235,39,0.911350928299222,0.492582126903346,0.418768801395876,47,0.0118978377613728,1.11544607838445,1.15428731071216,3.17848723668941,2.26841824187205,0.534902906200545,5.2310794197177,-0.102932934802914,-0.0315444967578713,0.131533483193334,-0.0940959409594097,-0.0650887573964497,-0.111920382295272,0.0492596810933941,-0.0711150131694469,-0.0228365384615384,0.154911838790932,0.52,0.289610580670506,-0.418502312167471,0.416082281439925,0.0258620689655173,-0.143187066974596,-0.0530303030303031,-0.60268404098136,-0.527211701048311,0.142040038131554,0.203438395415473,0.288135593220339,0.138686131386861,-0.290677438578033,-0.239014590384921,-0.135477848407048,0.3125,0.029126213592233,7.83333333333333,-0.00884955752212391,-0.274924471299094,-0.0470588235294118,"reg"
"16",16,11.3861208,52.95396805,186.4654846,40.89731598,153.9534302,1386.386841,47.6153717,547.5517578,218.533905,518.2052612,20.67856598,15.66578484,16.60858536,30.12745094,8.625528336,21.50192261,371.5868225,24.58563042,24.90232086,13.70651722,1.210251689,26.41773415,11.80940914,1.42114675,9.067087173,0.216775209,4.842906475,0.065082565,20.1696949,40.39208221,3.360384941,5.348,12.455,2.07,1.229490022,0.846294676,1.008,1.195,29.58064647,3.522,3.424,0.781,0.922,0.35,0.080519335,37.181,6.848,0.316,0.574,0.744,1.308132794,0.629132,1.068,1.122,0.179,0.3,13.98586729,52.80318456,119.0110865,0.052,0.08,0.006,0.103,0.32,0.061,0.112021518,0.232364369859829,0.90110954308996,0.0862913911016579,0.551489198796636,0.0546111409357198,34,0.904166836711469,0.496070736011151,0.408096100700319,39,0.0169339071328159,1.0335333916826,1.02316344566503,2.99936667714747,2.26905923960307,0.593457813725282,5.51654367907768,-0.102932934802914,-0.0315444967578713,0.131533483193334,-0.0940959409594097,-0.0650887573964497,-0.111920382295272,0.0492596810933941,-0.0711150131694469,-0.0228365384615384,0.154911838790932,0.52,0.289610580670506,-0.418502312167471,0.416082281439925,0.0258620689655173,-0.143187066974596,-0.0530303030303031,-0.60268404098136,-0.527211701048311,0.142040038131554,0.203438395415473,0.288135593220339,0.138686131386861,-0.290677438578033,-0.239014590384921,-0.135477848407048,0.3125,0.029126213592233,7.83333333333333,-0.00884955752212391,-0.274924471299094,-0.0470588235294118,"reg"
"17",17,12.7577076,53.3300705,120.6657715,32.18031693,110.6557007,976.4624023,46.64665604,393.8253784,147.9803619,393.8253784,20.54158974,15.00520515,16.12929153,31.12709236,7.204927444,23.92216492,408.7309265,25.15003967,25.15003967,13.89303493,1.292001605,19.7485714,5.678670883,1.182123184,10.80613041,0.186816216,5.155008316,0.029275855,21.5009613,57.99703217,2.661882162,11.56,37.034,1.414,1.362287823,0.75099631,1.456,2.471,67.46410824,3.738,2.103,0.903,1.08,0.472,0.084747847,42.371,6.966,0.456,0.67,0.719,1.899434194,0.772792128,1.692,2.118,0.141,0.566,16.03121771,61.36932349,263.8699385,0.112,0.067,0.049,0.077,0.38,0.047,0.157410179,0.233733753735753,0.867701111575165,0.128082529922865,0.619337837332323,0.0564055016084853,29,0.877422647120974,0.496493985456253,0.380928661664721,35,0.216648267768611,1.06785764149862,0.797772750202096,3.35962764830205,2.23106892579952,0.646688647563992,4.68023649077497,-0.180436159623563,0.0131199049605848,-0.00264821663640891,-0.115789473684211,-0.112624886466848,-0.167198682296787,0.00642278693102494,0.0716279069767443,0.106824925816024,-0.0677655677655679,0.00533333333333341,0.359352665048011,-0.532658988482724,0.418360655737705,0.16359918200409,-0.471523178807947,0.00292825768667648,-0.415843271103448,-0.397861190405799,-0.125495376486129,-0.313615502294748,0.492537313432836,-0.165085388994307,0.429686428343456,-0.0904213841737753,-0.306615584219078,-0.28099173553719,0.0816326530612244,0.0731707317073169,-0.204918032786885,-0.305,0.0178571428571428,"unreg"
"18",18,10.90953255,52.23423767,229.1397858,43.0633812,180.3746948,1593.16333,44.97273636,615.5736084,229.391037,545.6690063,20.33629417,15.41865253,16.29043007,29.44812775,8.562338829,20.88578796,367.1764221,23.00846863,24.55631447,13.47075558,1.177639246,24.2046814,12.90537262,1.424053431,6.850393772,0.172786817,4.726504803,0.019722953,15.66880417,52.16349411,3.451344013,5.269,23.346,1.489,1.15157498,0.817348496,0.965,1.018,37.34932885,3.823,2.385,0.847,0.726,0.347,0.068165793,28.283,7.846,0.34,0.421,0.455,1.111575493,0.537698235,1.062,0.984,0.196,0.321,23.71240112,55.73401623,112.0414995,0.07,0.095,0.02,0.096,0.33,0.088,0.087852935,0.21402940038628,0.921132065249574,0.153150748618173,0.600204633278965,0.0484191764274833,41,0.897815942380579,0.496567822996348,0.40124811938423,56,0.0492160007188532,1.07448275289982,1.05725613083386,3.19426251533336,2.34475059733061,0.641678352839441,5.64967408193731,0.0136648320364396,0.0777102001564198,0.0878426773090148,-0.0171890798786654,0.0693581780538302,-0.154099383861013,0.0251490795955405,0.143666531768515,-0.114683815648446,0.544609665427509,-0.00647249190938515,0.0273351581238954,-0.0225765708872752,0.0542084726867336,-0.122282608695652,-0.269565217391304,-0.172557172557173,-0.27070170383334,-0.298427507568365,0.205450733752621,0.338983050847458,0.0103626943005182,-0.148387096774193,-0.424185378007519,-0.0835654249784802,0.272347351765561,-0.145161290322581,-0.0349650349650348,-0.394736842105263,-0.173076923076923,-0.111747851002865,-0.237410071942446,"unreg"
"19",19,11.09926319,52.55884933,222.5865021,42.27711487,175.6973877,1594.83728,46.1240921,621.8434448,234.1599121,556.3201294,20.34277534,15.39517403,16.28919983,29.58335304,8.465572357,21.11778069,369.0868225,23.00473785,24.58233643,13.54885101,1.178313613,18.64055634,13.38751698,1.3594383,5.308700562,0.144575834,4.624115467,0.027085761,16.44834137,54.74507904,2.878742695,5.269,23.346,1.489,1.15157498,0.817348496,0.965,1.018,37.34932885,3.823,2.385,0.847,0.726,0.347,0.068165793,28.283,7.846,0.34,0.421,0.455,1.111575493,0.537698235,1.062,0.984,0.196,0.321,23.71240112,55.73401623,112.0414995,0.07,0.095,0.02,0.096,0.33,0.088,0.087852935,0.205917137210049,0.829909479116552,0.185531540242222,0.507865866695093,0.0454513628797301,44,0.894116518529728,0.475429954350302,0.418686564179426,60,0.0107361355850102,1.11353624197612,1.62078776289898,3.84078112815642,2.12888830483373,0.579242321013219,5.37568810192839,0.0136648320364396,0.0777102001564198,0.0878426773090148,-0.0171890798786654,0.0693581780538302,-0.154099383861013,0.0251490795955405,0.143666531768515,-0.114683815648446,0.544609665427509,-0.00647249190938515,0.0273351581238954,-0.0225765708872752,0.0542084726867336,-0.122282608695652,-0.269565217391304,-0.172557172557173,-0.27070170383334,-0.298427507568365,0.205450733752621,0.338983050847458,0.0103626943005182,-0.148387096774193,-0.424185378007519,-0.0835654249784802,0.272347351765561,-0.145161290322581,-0.0349650349650348,-0.394736842105263,-0.173076923076923,-0.111747851002865,-0.237410071942446,""
"20",20,14.12423134,53.20210266,98.20487213,25.07334709,92.41080475,874.1658325,50.12212753,362.3360596,125.7123795,362.3360596,19.1638546,13.05895615,14.23764801,31.11511612,4.566858292,26.54825783,455.1161194,24.36642075,24.36642075,13.09423923,1.262551427,20.30681229,0.008299958,1.180792212,14.21013737,0.156151399,5.367919445,0.038722668,16.20524788,59.86289597,3.341474533,2.776,3.1,1.933,1.788763479,1.139836743,0,0,26.50306359,7.7,1,1.183,0.658,0.479,0.062027613,7.951,7.7,0.439,0.45,0.654,0.336964628,0.139544493,1.466,0.613,0.413,0.322,2.807739595,15.51001713,51.97109745,0.312,0.163,0.357,0.128,0.304,0.114,0.379947512,0.223075303841252,0.92393453611969,0.058706657134696,0.541938020936186,0.0513139977593044,22,0.876139877020745,0.494579203902023,0.381560673118721,28,0.243003310465302,1.11921096326018,0.755446709360889,3.16280865523611,2.25220632934857,0.59068988790165,4.71616058852666,0.792507204610951,0.00526915233055747,-0.6048491241859,0.257372654155496,0.866666666666667,0.447315199985905,-0.553506493506494,1.909,-0.305156382079459,-0.40273556231003,0.392484342379958,-0.455076957612327,-0.448539866564585,3.71323076923077,-0.328638497652582,-0.141509433962264,-0.617021276595745,1.68891030307193,3.33612415647245,-0.689631650750341,-0.153344208809135,-0.60774818401937,0.0745341614906831,12.9752869353969,3.26375145853885,0.778175529175784,-0.432692307692308,-0.0429447852760737,-0.299719887955182,0.3671875,2.07236842105263,-0.763157894736842,"reg"
"21",21,14.29702473,53.38348007,96.81210327,24.77709007,90.99304962,865.7685547,50.21345901,359.0811462,124.8905334,359.0811462,19.38311958,13.24980164,14.43205261,31.4031868,4.621447563,26.78173828,457.2368774,24.60858345,24.60858345,15.32453442,1.281211019,22.18075562,7.708849907,1.267469406,16.79611206,0.15448001,5.197907925,0.07580734,16.36651611,57.77083588,2.956904411,2.776,3.1,1.933,1.788763479,1.139836743,0,0,26.50306359,7.7,1,1.183,0.658,0.479,0.062027613,7.951,7.7,0.439,0.45,0.654,0.336964628,0.139544493,1.466,0.613,0.413,0.322,2.807739595,15.51001713,51.97109745,0.312,0.163,0.357,0.128,0.304,0.114,0.379947512,0.200191011150416,0.88078126551827,0.0176938979151733,0.563055019327244,0.0445972697998689,17,0.720312980669976,0.416562080301029,0.303750900368947,21,0.476297968397291,1.09406095854061,0.639010061954789,3.96994351982456,2.12717849788054,0.758769428469289,3.37064613418045,0.792507204610951,0.00526915233055747,-0.6048491241859,0.257372654155496,0.866666666666667,0.447315199985905,-0.553506493506494,1.909,-0.305156382079459,-0.40273556231003,0.392484342379958,-0.455076957612327,-0.448539866564585,3.71323076923077,-0.328638497652582,-0.141509433962264,-0.617021276595745,1.68891030307193,3.33612415647245,-0.689631650750341,-0.153344208809135,-0.60774818401937,0.0745341614906831,12.9752869353969,3.26375145853885,0.778175529175784,-0.432692307692308,-0.0429447852760737,-0.299719887955182,0.3671875,2.07236842105263,-0.763157894736842,"reg"
"22",22,12.47486877,53.46614456,138.6972809,33.84571838,120.2618484,1110.112793,47.60472488,444.0291443,172.4961243,444.0291443,20.30414772,14.92751408,16.00220108,30.61499214,7.282716751,23.33227539,397.6425781,24.79585266,24.79585266,13.41997814,1.224936604,22.88242531,5.24861908,1.219935536,10.51617908,0.199940905,4.925070286,0.044705488,21.34404564,52.54550934,3.224890947,12.678,11.565,2.571,1.476546477,0.664082038,1.468,2.283,66.54781343,3.314,2.217,0.977,1.163,0.401,0.084922263,42.049,7,0.423,0.491,0.76,1.615004962,0.759523652,1.609,2.271,0.12,0.567,20.14548462,61.64512074,262.4249421,0.127,0.095,0.033,0.097,0.402,0.055,0.139512725,0.204308992216219,0.829330746476341,0.185407937624215,0.598521258819526,0.0451491559306718,52,0.911807706445889,0.483336381599309,0.428471324846579,63,0.00520185367814494,1.12392813406368,1.5076135477241,3.75392128235724,1.98717669106329,0.636512981976694,4.97857946147165,-0.105219621143188,-0.102013725751749,0.156181438432494,0.0277382645803699,-0.0103397341211228,-0.192409665226845,0.0548498845265588,0.1305,-0.0658153241650296,0.04149377593361,0.454293628808864,-0.0563338596297609,-0.143761773984884,0.0730264107374801,-0.0274725274725275,0.168297455968689,-0.257425742574258,-0.222753984982724,-0.482886029187066,0.158852344296711,-0.154415653093601,0.281818181818182,-0.201298701298701,0.00175255906669225,-0.129470385059973,-0.201185180759852,-0.42,-0.271523178807947,-0.64,-0.288235294117647,-0.0794701986754968,-0.53125,"unreg"
"23",23,12.87441635,53.49869919,118.3062973,31.15208626,108.7124939,954.6107178,46.45315552,385.0382385,144.6018982,385.0382385,20.81632042,15.26831341,16.3919487,31.4324131,7.367496967,24.06491661,409.4788818,25.43223381,25.43223381,13.79076099,1.214640617,25.51976013,5.378195286,1.162287593,8.306036949,0.189166054,5.128108501,0.029219031,18.92180252,64.147995,2.74611187,11.56,37.034,1.414,1.362287823,0.75099631,1.456,2.471,67.46410824,3.738,2.103,0.903,1.08,0.472,0.084747847,42.371,6.966,0.456,0.67,0.719,1.899434194,0.772792128,1.692,2.118,0.141,0.566,16.03121771,61.36932349,263.8699385,0.112,0.067,0.049,0.077,0.38,0.047,0.157410179,0.182049413736705,0.800988114535705,0.146689352762872,0.501220850308708,0.0384665139514817,39,0.835992405434519,0.434971063724733,0.401021341709786,43,0.396861488664449,1.15173337193052,1.54646592269866,4.42211155302442,2.08094773217289,0.662022500158824,4.50378780613748,-0.180436159623563,0.0131199049605848,-0.00264821663640891,-0.115789473684211,-0.112624886466848,-0.167198682296787,0.00642278693102494,0.0716279069767443,0.106824925816024,-0.0677655677655679,0.00533333333333341,0.359352665048011,-0.532658988482724,0.418360655737705,0.16359918200409,-0.471523178807947,0.00292825768667648,-0.415843271103448,-0.397861190405799,-0.125495376486129,-0.313615502294748,0.492537313432836,-0.165085388994307,0.429686428343456,-0.0904213841737753,-0.306615584219078,-0.28099173553719,0.0816326530612244,0.0731707317073169,-0.204918032786885,-0.305,0.0178571428571428,""
"24",24,12.0446434,53.56783676,155.0525055,38.7011261,133.8505707,1230.775024,47.14621735,485.6012573,189.6169891,485.6012573,20.2440052,15.06855774,16.08232689,30.18432999,7.699489117,22.48484039,383.6312866,24.59764099,24.59764099,12.51353455,1.194116235,24.21467018,2.028835058,1.143324971,8.875918388,0.248414099,4.832206726,0.058920935,19.54282188,47.0014534,3.257363796,6.586,8.667,1.851,1.190144261,0.766186457,1.211,1.508,38.873808,3.925,2.424,0.868,0.829,0.383,0.099014393,30.881,6.636,0.394,0.494,0.605,1.285139674,0.494774997,1.39,1.264,0.241,0.363,16.6500551,47.77282041,152.4139664,0.065,0.074,0.028,0.081,0.221,0.062,0.072890363,0.17195497492847,0.836855110554848,0.0390453150906035,0.452867709386692,0.0351872850755574,22,0.819192072407569,0.420508691039218,0.398683381368351,25,0.107658638947109,1.19622650110268,1.80572752683748,4.6479965198545,2.43267325876224,0.562416217810761,5.2944701786699,-0.102342786683107,-0.0472774040890109,0.0915226569728729,0.00259291270527218,-0.0230998509687035,-0.0904867454598003,0.031193606599639,0.0252378982209351,0.0135593220338983,0.0412735849056605,0.101226993865031,0.131792318626715,-0.090246009149365,-0.0435384615384616,0.0371352785145889,-0.342213114754098,-0.129429892141757,-0.401745208160513,-0.37430994230475,0.254777070063694,0.186425339366516,0.101694915254237,-0.0244565217391305,-0.143925253202639,-0.0502744860980081,-0.0751652044755875,0.464788732394366,-0.058252427184466,1.67647058823529,0.0265486725663717,0.04739336492891,0.308823529411764,"unreg"
"25",25,12.64870453,53.20098877,144.4904327,36.63406372,124.3870544,1175.234253,44.85270691,441.6426392,166.8085938,441.6426392,19.07282639,13.63237,14.63156128,29.47015762,5.694840431,23.77531624,404.3740234,23.6688118,23.6688118,14.02777481,1.156258583,22.92389679,5.548941612,1.276729345,11.36448479,0.234210834,4.992982864,0.048109736,20.85249329,59.82904053,3.5434618,6.033,15.121,1.963,1.169696748,0.536336534,0.789,1.504,46.58921633,4.061,2,0.788,0.85,0.407,0.092796227,19.2,9.606,0.376,0.348,0.474,0.958458569,0.394716907,0.948,1.092,0.228,0.341,17.16385651,57.61155096,145.1138357,0.08,0.091,0.063,0.084,0.25,0.08,0.03225678,0.224651896086683,0.802623707307361,0.216261173585944,0.73285130377946,0.0540603214629685,39,0.933955762727602,0.518580152494879,0.415375610232722,46,0.102613482996799,1.20054311509614,1.16564293396665,3.4889126044393,2.58876423940069,0.601256590141167,4.76991725373765,-0.0190745319675026,-0.0355672440330956,0.00240743946904054,-0.00796359499431176,-0.00340136054421769,-0.0334438332920277,-0.00530303030303025,-0.0604896783485358,-0.0491428571428572,-0.0687500000000001,0.0549828178694158,0.0334291339450308,-0.0545560634056209,0.0737391304347825,-0.0615384615384615,-0.142480211081794,-0.137078651685393,-0.0492491368944235,-0.258133095147505,0.241150442477876,0.00200601805416256,0.0263157894736843,-0.0212121212121212,0.0234427524860452,0.0693031447737451,-0.0166244249109189,-0.0111111111111111,0.0188679245283019,0.267605633802817,-0.0384615384615383,-0.0642570281124497,0.0194174757281553,"unreg"
"26",26,11.60455322,53.166008,170.4892578,37.24684906,138.9720001,1362.873169,48.35898972,531.1469116,213.758316,517.5524292,19.84592438,14.74308586,15.75939178,29.6062336,7.779217243,21.82701683,378.7570801,23.82805061,24.17473793,14.10608292,1.169951916,21.66416931,6.703179359,1.31656456,7.602606297,0.277863413,4.742794991,0.047706813,17.75388718,49.6878624,3.8700881,4.938,0.094,5.568,1.281970831,0.800105029,0.902,1,34.02541314,3.404,2.75,0.843,0.675,0.384,0.105727429,22.099,8.875,0.429,0.753,0.881,1.401325498,0.552893628,1.099,0.751,0.26,0.27,23.70414933,58.01586742,100.9289522,0.081,0.093,0.064,0.095,0.198,0.077,0.044342519,0.154856772315212,0.679166951230095,0.0771794763502964,0.597921976707161,0.0315352690825106,49,0.913200526555794,0.42376553184642,0.489434994709374,59,0.0476808937325263,1.1648944073938,1.86741064232652,4.37168857060429,1.9580193988164,0.579752304808903,5.47990474701966,0.0180340864050732,-0.0139896667525077,0.00670055419152926,0.0129589632829372,-0.026,0.0456535306350001,-0.0345540460720615,-0.0908467603702433,0.121809744779582,0.0356589147286821,-0.3,0.058038481892591,-0.071275260195197,0.0274274519407371,-0.0946291560102303,-0.0119402985074627,0.0145719489981786,-0.33085544542361,-0.144283874204944,-0.0993117010816125,0.0860832137733143,0.0441767068273093,0.0170068027210883,-0.0887055808289324,-0.0713438313428458,0.253589604874469,0.318840579710145,0,0.188679245283019,-0.0661157024793387,0.00485436893203883,-0.0291262135922329,""
"27",27,14.0608387,53.20017242,101.5246429,25.78069687,96.72099304,869.0558472,48.70245743,357.2359314,123.4647217,357.2359314,18.84444237,12.794487,13.96727848,30.67307091,4.24300909,26.43006134,450.627533,23.99592972,23.99592972,15.17580605,1.217576981,20.56720924,12.53192806,1.303043127,14.28969193,0.164184108,5.369582653,0.064348981,14.84450054,59.03322983,3.002785206,2.975,2.394,4.97,0.669105982,0.906094877,0.862,1.056,18.18686352,6.635,1.576,1.914,0.567,0.629,0.054219334,14.39,10.212,0.425,0.423,0.681,0.649966737,0.614195793,2.154,2.247,0.305,0.411,4.844480835,17.9559388,41.80438565,0.125,0.077,0.177,0.062,0.316,0.057,0.211616851,0.226336554047645,0.905095544106751,0.055952899677451,0.494279972097694,0.052888671681089,17,0.840710174571959,0.485125902930495,0.355584271641464,20,0.191575340799186,1.09840533984813,0.25545606547779,2.99030986213704,2.19639854035916,0.69817106933331,3.47250090320733,0.518582841264328,0.0553840289485159,-0.0818837249449967,-0.44140350877193,0.14054054054054,0.346410995118831,-0.365357040435905,0.685538461538461,-0.650194336479733,0.561926605504587,-0.177024482109228,0.403260689965342,0.762276335261671,-0.0787027027027026,-0.131054131054131,-0.226666666666667,-0.385826771653543,-0.161618360876654,-0.66398969675719,-0.555607917059378,-0.578664276109368,-0.322916666666667,-0.18005540166205,0.943481751115116,1.18589912370472,1.1977578217257,-0.628378378378378,0.39,-0.720379146919431,0.876712328767123,-0.0776699029126214,0.681159420289855,"reg"
"28",28,14.06537342,53.23911667,101.2475891,25.80194473,96.59196472,868.3575439,48.76673889,357.1707458,123.7517853,357.1707458,18.88757324,12.84397888,14.01525879,30.70387077,4.28462553,26.41924477,450.1040344,24.03188324,24.03188324,15.2666378,1.219159245,25.6273365,6.38536644,1.241523743,16.11069298,0.20807229,5.620397568,0.063536696,16.67122459,55.79307556,3.169724464,2.975,2.394,4.97,0.669105982,0.906094877,0.862,1.056,18.18686352,6.635,1.576,1.914,0.567,0.629,0.054219334,14.39,10.212,0.425,0.423,0.681,0.649966737,0.614195793,2.154,2.247,0.305,0.411,4.844480835,17.9559388,41.80438565,0.125,0.077,0.177,0.062,0.316,0.057,0.211616851,0.159051500660264,0.868959263693051,0.00450372224994391,0.497679586030065,0.0342286531219172,12,0.580464675812837,0.334555198217818,0.245909477595019,13,0.273247114286017,1.21347359253251,3.1015296622635,5.07926404144059,2.05292394870049,0.606394021940555,5.35387033978012,0.518582841264328,0.0553840289485159,-0.0818837249449967,-0.44140350877193,0.14054054054054,0.346410995118831,-0.365357040435905,0.685538461538461,-0.650194336479733,0.561926605504587,-0.177024482109228,0.403260689965342,0.762276335261671,-0.0787027027027026,-0.131054131054131,-0.226666666666667,-0.385826771653543,-0.161618360876654,-0.66398969675719,-0.555607917059378,-0.578664276109368,-0.322916666666667,-0.18005540166205,0.943481751115116,1.18589912370472,1.1977578217257,-0.628378378378378,0.39,-0.720379146919431,0.876712328767123,-0.0776699029126214,0.681159420289855,"reg"
"29",29,11.17449665,52.54397583,242.6692505,48.59143829,182.3864441,1913.459473,49.57830048,746.788147,283.4237671,690.0335693,19.51111221,14.58577728,15.450737,28.89967346,7.632732391,21.26694107,368.1811829,22.25592422,23.73807335,12.34877777,1.003418565,25.05378723,0.949811876,1.130906701,8.59089756,0.198651895,4.557004452,0.051866807,24.11776924,47.61996078,5.469777107,3.979,8.316,2.639,1.313830399,0.639627201,0.694,0.893,25.63287692,3.632,3,0.725,0.543,0.31,0.097974917,18.964,9.474,0.355,0.315,0.531,1.213573428,0.447857937,0.692,0.874,0.248,0.331,18.7963794,39.01854409,76.88633836,0.069,0.156,0.051,0.154,0.213,0.094,0.103742363,0.145277641002916,0.665147882641185,0.117546590020266,0.539817148254005,0.0260278957930383,53,0.931474724777228,0.423409814250376,0.508064910526852,64,0.250546472290922,1.12803588304047,1.45948403931726,3.9817856796709,2.16514061277372,0.609208654303472,4.68787677269675,0.0810652619256658,0.124524271930981,0.45227787635178,0.235897435897436,0.113445378151261,0.153907106184827,-0.0785601681555439,-0.144516129032258,-0.0338101430429129,-0.0331825037707391,-0.0364145658263305,-0.016979994595453,-0.0697124041775995,-0.0526315789473685,0.00630914826498419,0.390510948905109,0.155619596541787,-0.154913434740318,-0.210445104994744,0.0195258019525801,-0.0874568469505178,0.0634920634920635,0.00668896321070234,0.0686761458567662,0.13284463722784,0.0634105408512065,0.0123456790123457,-0.455645161290323,0.0810810810810811,-0.587030716723549,-0.0234741784037559,-0.318181818181818,""
"30",30,10.52274036,51.77017593,235.4803925,47.70982361,178.168335,1776.338745,47.14861298,678.9696045,252.994751,625.2341919,19.01957512,14.23756695,15.07779884,28.07697296,7.751098633,20.32587433,357.7488403,21.70390701,23.13147545,13.11222649,0.961631596,27.44244576,2.835472107,1.126103163,8.552789688,0.192815363,4.608438492,0.058842644,25.17512321,43.12921906,4.636009216,3.979,8.316,2.639,1.313830399,0.639627201,0.694,0.893,25.63287692,3.632,3,0.725,0.543,0.31,0.097974917,18.964,9.474,0.355,0.315,0.531,1.213573428,0.447857937,0.692,0.874,0.248,0.331,18.7963794,39.01854409,76.88633836,0.069,0.156,0.051,0.154,0.213,0.094,0.103742363,0.206084592743267,0.888048324723999,0.0824221308423504,0.601067446736018,0.0462178821835355,38,0.909540032522808,0.494040988103518,0.41549904441929,48,0.0293214862681745,1.12011395134434,1.71208351516025,4.12721251889633,2.04296182290801,0.588453000726882,7.07284409639742,0.0810652619256658,0.124524271930981,0.45227787635178,0.235897435897436,0.113445378151261,0.153907106184827,-0.0785601681555439,-0.144516129032258,-0.0338101430429129,-0.0331825037707391,-0.0364145658263305,-0.016979994595453,-0.0697124041775995,-0.0526315789473685,0.00630914826498419,0.390510948905109,0.155619596541787,-0.154913434740318,-0.210445104994744,0.0195258019525801,-0.0874568469505178,0.0634920634920635,0.00668896321070234,0.0686761458567662,0.13284463722784,0.0634105408512065,0.0123456790123457,-0.455645161290323,0.0810810810810811,-0.587030716723549,-0.0234741784037559,-0.318181818181818,""
"31",31,13.06978035,53.59132385,108.6091537,29.7261982,104.8832703,890.574585,46.1077919,359.6753845,127.2458649,359.6753845,21.14114952,15.52523422,16.65835571,31.94254684,7.554680824,24.38786507,414.8168335,25.8211174,25.8211174,13.62606239,1.303489804,23.73209763,3.837403059,1.038965583,9.863471031,0.167249128,5.192152023,0.03850754,17.60295868,58.60747528,3.189157724,9.583,101.576,0.967,1.395744791,0.719178554,1.384,2.606,60.88900838,4.528,2.182,0.94,0.813,0.547,0.073068121,57.578,5.727,0.505,0.773,0.955,2.694796703,1.133136604,1.424,2.255,0.123,0.799,17.96204209,69.50112704,219.7135348,0.185,0.074,0.121,0.068,0.457,0.042,0.182718591,0.224026880426851,0.91604046603885,0.0670050642133602,0.626181475393077,0.0518395851052369,22,0.869898046738645,0.500122974199449,0.369775072539196,24,0.582416906845231,1.18892467446129,0.940376423872835,3.28505549140536,2.18924596123153,0.615829790922602,4.28767153641743,-0.005678591709256,-0.0480529353488434,0.0659783140136949,-0.0245398773006135,-0.0989208633093526,-0.0522056880539949,-0.0598006644518273,-0.0124303471924562,-0.0542563143124416,0.390015600624025,0.275862068965517,0.286533170025977,-0.282485875706215,0.0358214222692783,0.3125,-0.213872832369942,0.246458923512748,-0.66462677550347,-0.748300458370245,0.293023255813953,-0.277524099441908,0.453846153846154,-0.108726752503576,-0.232844871150081,-0.163140500221631,0.0633967840936343,-0.38562091503268,0.0235294117647058,-0.662790697674419,0.0652173913043479,-0.189054726368159,-0.166666666666667,""
"32",32,13.08115482,53.55379486,108.502037,29.91205215,105.2748108,890.8356323,46.11059952,359.6354675,126.305603,359.6354675,21.08807755,15.45806599,16.59514046,31.91534805,7.489153385,24.42619514,415.869751,25.77962494,25.77962494,13.79745483,1.30492723,37.01009369,3.663620472,1.25180757,11.79919052,0.165497899,5.533581257,0.052234191,18.10488892,48.8753624,2.965215921,9.583,101.576,0.967,1.395744791,0.719178554,1.384,2.606,60.88900838,4.528,2.182,0.94,0.813,0.547,0.073068121,57.578,5.727,0.505,0.773,0.955,2.694796703,1.133136604,1.424,2.255,0.123,0.799,17.96204209,69.50112704,219.7135348,0.185,0.074,0.121,0.068,0.457,0.042,0.182718591,0.176843532991501,0.841444817210135,0.022727031822228,0.449583027655355,0.0333243878560242,16,0.649764165246671,0.360086773908021,0.289677391338649,19,0.86255583859982,1.04849551634067,1.34639277324175,3.47056532663672,1.98083834776721,0.742545623963998,2.29339916252758,-0.005678591709256,-0.0480529353488434,0.0659783140136949,-0.0245398773006135,-0.0989208633093526,-0.0522056880539949,-0.0598006644518273,-0.0124303471924562,-0.0542563143124416,0.390015600624025,0.275862068965517,0.286533170025977,-0.282485875706215,0.0358214222692783,0.3125,-0.213872832369942,0.246458923512748,-0.66462677550347,-0.748300458370245,0.293023255813953,-0.277524099441908,0.453846153846154,-0.108726752503576,-0.232844871150081,-0.163140500221631,0.0633967840936343,-0.38562091503268,0.0235294117647058,-0.662790697674419,0.0652173913043479,-0.189054726368159,-0.166666666666667,""
"33",33,12.94884014,53.4006958,111.7205811,31.37485695,109.610878,931.4139404,46.89871979,376.1097107,129.9486847,376.1097107,21.07334709,15.45924377,16.59062576,31.86720276,7.618754387,24.24844742,414.7208557,25.75291061,25.75291061,14.31150627,1.329680443,22.39549446,6.105927467,1.190771341,10.37076378,0.14967297,5.232156277,0.039847791,18.41442299,55.94258118,2.410166264,7.339,56.606,1.306,1.353007735,0.603340634,1.219,2.231,44.89518588,4.419,2.242,0.829,0.811,0.425,0.058321024,40.891,7.606,0.325,0.519,0.516,1.302610803,0.598883787,1.166,1.139,0.1,0.632,22.19790583,63.38431845,154.3072714,0.143,0.086,0.08,0.091,0.497,0.045,0.055746011,0.216511161692441,0.856597191162327,0.0795213381003618,0.587860524505915,0.0502078137403558,25,0.865330585501224,0.471783321645288,0.393547263855936,28,0.0223887163092591,1.17044357756685,1.52145712119256,3.89969394295136,2.01838306652551,0.60118354282278,4.366103095226,0,-0.00302909358461922,0.00988621184582206,0.0422055820285907,-0.0390218522372529,0.041703305850304,-0.0206544441865864,-0.0514834205933682,0.116930572472594,-0.182908545727136,-0.208333333333333,-0.0580817045109329,0.047604647060306,-0.0298391281785159,0.0398671096345515,0.220982142857143,-0.0308285163776494,-0.216442553922996,-0.343132037582037,0.0697026022304832,0.217054263565891,-0.038095238095238,0.0677685950413223,0.170572775427351,0.0239231571004708,-0.0566233434886417,0.0645161290322582,0.0117647058823527,-0.0327868852459017,0.123893805309734,0.00204498977505119,-0.0392156862745097,""
"34",34,12.94884014,53.4006958,111.7205811,31.37485695,109.610878,931.4139404,46.89871979,376.1097107,129.9486847,376.1097107,21.07334709,15.45924377,16.59062576,31.86720276,7.618754387,24.24844742,414.7208557,25.75291061,25.75291061,14.60508251,1.313132644,19.72196579,5.616991997,1.226912618,11.1349268,0.146004155,5.318706989,0.04654979,16.1189518,59.92668533,2.291818619,7.339,56.606,1.306,1.353007735,0.603340634,1.219,2.231,44.89518588,4.419,2.242,0.829,0.811,0.425,0.058321024,40.891,7.606,0.325,0.519,0.516,1.302610803,0.598883787,1.166,1.139,0.1,0.632,22.19790583,63.38431845,154.3072714,0.143,0.086,0.08,0.091,0.497,0.045,0.055746011,0.187296344747531,0.874348384843742,0.0788121359599081,0.582778738136308,0.0415946263008926,22,0.87478370840188,0.450632500361143,0.424151208040737,22,0.079956966265099,1.22470852155183,1.81739189869204,4.57886547419588,2.15343875091469,0.616809340455137,3.78138484567505,0,-0.00302909358461922,0.00988621184582206,0.0422055820285907,-0.0390218522372529,0.041703305850304,-0.0206544441865864,-0.0514834205933682,0.116930572472594,-0.182908545727136,-0.208333333333333,-0.0580817045109329,0.047604647060306,-0.0298391281785159,0.0398671096345515,0.220982142857143,-0.0308285163776494,-0.216442553922996,-0.343132037582037,0.0697026022304832,0.217054263565891,-0.038095238095238,0.0677685950413223,0.170572775427351,0.0239231571004708,-0.0566233434886417,0.0645161290322582,0.0117647058823527,-0.0327868852459017,0.123893805309734,0.00204498977505119,-0.0392156862745097,""
"35",35,10.97059822,52.58348465,213.3515625,44.04603958,173.1053314,1520.851685,45.97392654,592.9439087,231.3616486,544.2750854,20.55004311,15.65501595,16.54094124,29.69727135,8.834071159,20.86319923,364.0437317,23.17619514,24.71052933,13.43427181,1.137929797,22.00115776,5.382903576,1.333310246,9.882054329,0.178362012,4.592539787,0.04280049,18.11139297,48.39881516,3.442286491,5.573,6.154,2.241,1.271408803,0.762396875,0.811,0.928,32.52428579,3.064,3.615,0.686,0.641,0.245,0.078646372,19.354,12.538,0.301,0.35,0.374,1.704401745,0.865968366,0.742,0.926,0.137,0.345,24.87269447,59.94244277,117.4949817,0.045,0.097,0.02,0.103,0.392,0.063,0.073307437,0.195979939005575,0.802061377498185,0.0615605869603442,0.565692155853833,0.0452930036998064,34,0.898703394654306,0.474629046065597,0.424074348588709,38,0.227048778248531,1.18377433513884,1.57150878168774,3.59495951585412,2.27254206021704,0.558064368297078,7.18698927421337,-0.057266342517558,-0.0140636501752629,0.0571051406909355,-0.0316301703163016,0.0191693290734825,-0.0706145307914532,0.00766666666666671,0.032379924446843,0.0199146514935988,0.451239669421488,0.561855670103093,0.0562449864566883,-0.0589913447125382,0.0507500000000001,-0.101167315175097,-0.117647058823529,0.13,-0.170987877738881,-0.252660487824494,0.25,-0.0334412081984897,0.0461538461538462,0.0510204081632653,-0.388776041320885,-0.168136605686822,0.070030539156144,-0.0444444444444445,-0.13768115942029,1.26315789473684,0.0396825396825398,-0.120772946859903,0.0588235294117647,""
"36",36,11.03294468,52.65035629,215.574234,44.22987366,174.6337128,1535.767944,45.53351593,594.2196655,230.5741577,547.2348633,20.52801132,15.62129784,16.50552559,29.70281219,8.747694016,20.95511818,365.2148743,23.16340446,24.70670891,13.24448299,1.162249923,18.37912178,14.67020321,1.476833224,7.618019581,0.20398964,4.710796833,0.035720848,19.27512932,51.20161819,3.259968758,5.573,6.154,2.241,1.271408803,0.762396875,0.811,0.928,32.52428579,3.064,3.615,0.686,0.641,0.245,0.078646372,19.354,12.538,0.301,0.35,0.374,1.704401745,0.865968366,0.742,0.926,0.137,0.345,24.87269447,59.94244277,117.4949817,0.045,0.097,0.02,0.103,0.392,0.063,0.073307437,0.192561683224671,0.8520176866081,0.00988202550953445,0.633274410094318,0.0443512583768661,25,0.828532738948386,0.446514690506914,0.382018048441472,28,0.0630809880619507,1.17969988584253,2.02575820859297,4.79893722497348,2.28160075766298,0.553568708910325,6.18107850591621,-0.057266342517558,-0.0140636501752629,0.0571051406909355,-0.0316301703163016,0.0191693290734825,-0.0706145307914532,0.00766666666666671,0.032379924446843,0.0199146514935988,0.451239669421488,0.561855670103093,0.0562449864566883,-0.0589913447125382,0.0507500000000001,-0.101167315175097,-0.117647058823529,0.13,-0.170987877738881,-0.252660487824494,0.25,-0.0334412081984897,0.0461538461538462,0.0510204081632653,-0.388776041320885,-0.168136605686822,0.070030539156144,-0.0444444444444445,-0.13768115942029,1.26315789473684,0.0396825396825398,-0.120772946859903,0.0588235294117647,""
"37",37,12.76169014,53.53497696,111.2847977,30.4341011,104.5128937,899.5317993,45.75644302,359.5658875,130.8409424,359.5658875,21.37773705,15.88125324,16.97680092,31.94215965,8.104118347,23.83804131,406.1400757,25.96599197,25.96599197,14.16942883,1.336469054,21.00814438,8.671669006,1.117469311,10.60014534,0.179275975,4.934397697,0.042755529,15.52996254,56.90710068,2.652782917,5.878,1.727,2.614,1.333501045,0.756948308,1.272,1.633,27.27722454,4.533,2.727,0.881,0.825,0.438,0.086182581,35.074,6.909,0.454,0.431,0.604,0.750894584,0.300746161,1.145,1.026,0.196,0.405,17.00050555,35.22671333,100.8330118,0.061,0.08,0.029,0.086,0.26,0.068,0.084167315,0.219791331521564,0.866661024063683,0.0160943237010269,0.623332644351582,0.049239188998597,21,0.837680495459713,0.472840326255262,0.364840169204451,22,0.152918477209689,1.18865148389041,1.32129822908555,3.43247719309663,2.50125877988156,0.582102595160786,5.92766070238785,-0.148657949070888,-0.0134932192067081,0.0618695881246416,-0.141295862607338,-0.111180904522613,-0.126639764322108,0.0174994243610407,-0.0343839541547276,-0.00108813928182805,0.1657824933687,-0.179611650485437,0.152691632582663,-0.404531226710389,0.301379310344828,-0.120772946859903,-0.250728862973761,-0.170682730923695,-0.294714080247312,0.0236654026518541,-0.152021089630931,-0.172413793103448,0.22051282051282,-0.133676092544987,-0.203349689940394,-0.125238628595546,-0.0525572207108921,0.739130434782608,0.09375,1.05405405405405,0.280373831775701,-0.0199203187250996,-0.130952380952381,""
"38",38,12.85115528,53.58969116,109.3406754,29.37934494,103.131218,884.9790039,45.77086258,355.3100891,129.1053925,355.3100891,21.2983799,15.77677727,16.88384438,31.91546631,7.934816837,23.98064995,407.9249268,25.90482712,25.90482712,14.47156811,1.305361032,19.64848709,6.043702602,1.209150076,12.00130653,0.159985557,5.336770535,0.04734074,18.62579727,62.17832947,2.356807947,5.878,1.727,2.614,1.333501045,0.756948308,1.272,1.633,27.27722454,4.533,2.727,0.881,0.825,0.438,0.086182581,35.074,6.909,0.454,0.431,0.604,0.750894584,0.300746161,1.145,1.026,0.196,0.405,17.00050555,35.22671333,100.8330118,0.061,0.08,0.029,0.086,0.26,0.068,0.084167315,0.18408334573584,0.855070728992925,0.00226199163588084,0.590985029324286,0.0358470487694113,14,0.739308084979581,0.402172991236954,0.337135093742628,15,0.352450279361955,1.10345907333652,0.898047944647337,3.92835160319847,2.29802253242834,0.646532269801723,3.35554341696289,-0.148657949070888,-0.0134932192067081,0.0618695881246416,-0.141295862607338,-0.111180904522613,-0.126639764322108,0.0174994243610407,-0.0343839541547276,-0.00108813928182805,0.1657824933687,-0.179611650485437,0.152691632582663,-0.404531226710389,0.301379310344828,-0.120772946859903,-0.250728862973761,-0.170682730923695,-0.294714080247312,0.0236654026518541,-0.152021089630931,-0.172413793103448,0.22051282051282,-0.133676092544987,-0.203349689940394,-0.125238628595546,-0.0525572207108921,0.739130434782608,0.09375,1.05405405405405,0.280373831775701,-0.0199203187250996,-0.130952380952381,""
"39",39,11.78693485,52.91530228,143.7282715,34.88155746,122.7455292,1036.102783,43.39176559,393.5278625,156.8903961,393.5278625,21.34997559,16.15975952,17.16520882,31.23970032,8.964603424,22.27509689,384.5278015,25.71652603,25.71652603,12.95532322,1.294698834,13.07931328,11.04504585,1.326170564,5.092062473,0.097677544,4.680103779,0.027188832,16.64107323,74.51133728,2.997516155,6.013,0.333,5.099,1.241722097,0.831979773,1.49,1.394,29.48135773,4.697,2.444,0.979,0.898,0.332,0.084566581,41.458,6.481,0.465,0.468,0.615,0.831469382,0.387077185,1.062,1.03,0.16,0.49,20.05988351,33.06891459,87.04866908,0.075,0.092,0.016,0.083,0.307,0.076,0.098901964,0.222083056893505,0.869096821135339,0.0665170799148627,0.600987570888909,0.0506513660992952,31,0.873954945138344,0.491362715210931,0.382592229927414,35,0.00275038758614471,1.19470635653686,1.27818125449329,2.98196690684516,2.42975200366192,0.581080591073469,6.33607466833611,-0.209630763995236,-0.133272321498366,0.149618579320812,-0.0499691548426897,-0.0112676056338028,-0.107778590070967,0.169392287502524,-0.126412724989535,0.197420634920635,-0.474576271186441,0.0262390670553934,0.186523489925218,-0.121284349001902,0.0621986499517839,-0.0920096852300242,-0.137019230769231,0.0404354587869362,-0.614757606398593,-0.611082847621295,0.13375224416517,0.284629981024668,0.222222222222222,-0.0792682926829268,-0.14774005170951,0.147457102226116,-0.121128290334503,-0.0481927710843374,-0.161538461538462,1.23809523809524,-0.150375939849624,-0.187290969899666,-0.25,""
"40",40,11.7918005,52.94063568,143.6903229,34.89833069,122.7991409,1036.55127,43.42730713,393.9874573,156.9142151,393.9874573,21.33830452,16.1499939,17.15788841,31.23360062,8.959971428,22.27363014,384.3728027,25.70302582,25.70302582,13.5854063,1.302524924,18.68117142,10.38372803,1.281009197,7.484339714,0.126680046,4.689802647,0.035884593,21.14614296,62.0632782,3.012557745,6.013,0.333,5.099,1.241722097,0.831979773,1.49,1.394,29.48135773,4.697,2.444,0.979,0.898,0.332,0.084566581,41.458,6.481,0.465,0.468,0.615,0.831469382,0.387077185,1.062,1.03,0.16,0.49,20.05988351,33.06891459,87.04866908,0.075,0.092,0.016,0.083,0.307,0.076,0.098901964,0.172604549281416,0.932594812494791,0.0946941135026361,0.693934693249677,0.0377787262798197,24,0.667189878458645,0.362737174677088,0.304452703781557,33,0.00169993406879132,0.90158591339967,1.14952676277709,2.07734749065997,2.18468153446222,0.6302473035084,6.17612341175589,-0.209630763995236,-0.133272321498366,0.149618579320812,-0.0499691548426897,-0.0112676056338028,-0.107778590070967,0.169392287502524,-0.126412724989535,0.197420634920635,-0.474576271186441,0.0262390670553934,0.186523489925218,-0.121284349001902,0.0621986499517839,-0.0920096852300242,-0.137019230769231,0.0404354587869362,-0.614757606398593,-0.611082847621295,0.13375224416517,0.284629981024668,0.222222222222222,-0.0792682926829268,-0.14774005170951,0.147457102226116,-0.121128290334503,-0.0481927710843374,-0.161538461538462,1.23809523809524,-0.150375939849624,-0.187290969899666,-0.25,""
"41",41,14.09662342,53.7134819,92.11251831,24.20845032,89.97753143,791.9001465,47.44617462,320.8670654,115.3363419,320.8670654,19.20879173,13.27583218,14.41828918,30.8093071,4.565201759,26.24410629,441.4157715,24.24716377,24.24716377,14.97382927,1.244943261,28.71584892,11.97836494,1.29869628,16.80957031,0.228967041,5.545087337,0.096713394,18.30203438,47.97805786,3.331651211,5.327,0.455,3.946,1.052404972,0.712035739,0.769,1.544,39.93140504,4.299,2.333,0.965,0.763,0.502,0.111685631,11.553,14.394,0.367,0.289,0.51,0.989441091,0.468553475,1.132,1.263,0.249,0.485,26.80926675,56.6587555,119.8170126,0.148,0.074,0.153,0.09,0.267,0.035,0.108089453,0.233238442149596,0.894493323424796,0.0384427713426896,0.576469637224359,0.0562618853941841,17,0.799037582173504,0.47466421457188,0.324373367601624,20,0.109023019162119,1.12335094750715,0.685173322742079,2.86615279907312,2.67382551043813,0.589144648913825,5.82978161802205,-0.0162618361465623,-0.0060297274785831,-0.0123993124087892,0.276233183856502,-0.0324508966695133,-0.182779603197798,-0.187571921749137,0.157068062827225,0.163658243080626,-0.119109947643979,-0.249484536082474,-0.436996360558696,-0.453215926493109,0.813539683853348,-0.211796246648794,1.86666666666667,0.419354838709677,-0.199768549651431,0.213797082269158,0.142587346553352,-0.15180102915952,-0.146825396825397,-0.295302013422819,-0.199662563913607,-0.00152703316445557,-0.0577160821798677,-0.3,0.0396039603960394,0.160919540229885,0.0108695652173914,0.397350993377483,0.0188679245283019,""
"42",42,14.096735,53.68322754,93.45349121,24.36452293,90.59474945,800.7449341,47.30292511,324.0668945,115.6099319,324.0668945,19.17386818,13.23464298,14.37964344,30.78903389,4.529929638,26.25910378,441.9187012,24.219244,24.219244,14.59913826,1.251537681,23.55164719,5.615754128,1.274479508,15.01302624,0.177977636,5.608204365,0.065834992,16.84064484,55.09396744,2.759526014,5.327,0.455,3.946,1.052404972,0.712035739,0.769,1.544,39.93140504,4.299,2.333,0.965,0.763,0.502,0.111685631,11.553,14.394,0.367,0.289,0.51,0.989441091,0.468553475,1.132,1.263,0.249,0.485,26.80926675,56.6587555,119.8170126,0.148,0.074,0.153,0.09,0.267,0.035,0.108089453,0.177586900379068,0.818849626805395,0.0100209721239389,0.682576069052783,0.0396467922151229,14,0.646908317171223,0.371394769989659,0.275513547181563,16,0.18743559796598,1.17129937640972,2.63394547575073,4.66431327343813,2.10260817453997,0.608500007969993,5.54139534648677,-0.0162618361465623,-0.0060297274785831,-0.0123993124087892,0.276233183856502,-0.0324508966695133,-0.182779603197798,-0.187571921749137,0.157068062827225,0.163658243080626,-0.119109947643979,-0.249484536082474,-0.436996360558696,-0.453215926493109,0.813539683853348,-0.211796246648794,1.86666666666667,0.419354838709677,-0.199768549651431,0.213797082269158,0.142587346553352,-0.15180102915952,-0.146825396825397,-0.295302013422819,-0.199662563913607,-0.00152703316445557,-0.0577160821798677,-0.3,0.0396039603960394,0.160919540229885,0.0108695652173914,0.397350993377483,0.0188679245283019,""
"43",43,13.65824986,53.55883789,94.59613037,25.63823128,89.25119019,812.305603,46.68381882,322.0532837,120.3369522,322.0532837,19.76967621,13.95260429,15.06899071,31.0545845,5.553191662,25.50139236,431.8603516,24.68051529,24.68051529,14.18189144,1.26809752,18.57963562,6.886637688,1.305926561,14.01405716,0.164609596,5.712595463,0.063174807,16.89924431,61.37449646,2.53485775,8.92,97.606,1.126,1.040013639,0.742698832,1.283,2.063,55.51873668,3.768,2.485,0.83,0.935,0.327,0.068050465,43.014,7.121,0.42,0.655,1.127,2.433245248,0.844744694,1.066,1.409,0.107,0.693,28.43396982,74.95944932,208.5145853,0.157,0.074,0.113,0.09,0.486,0.04,0.087980781,0.213705124483135,0.951277727028588,0.0133057673575597,0.588239514407689,0.0469318570519736,15,0.861108588386941,0.474892127404392,0.386216460982549,20,0.287683267004273,1.15021614920164,1.10500906103038,2.90732431372534,2.10491111179016,0.629873311474332,5.06102187365797,-0.398891299108219,0.00158346955699806,-0.0244441858304641,-0.136802973977695,-0.213178294573643,-0.391160227438337,-0.016213245397087,0.129032258064516,0.0120918984280531,-0.292494481236203,0.0072992700729928,0.428315693880681,-0.54963656999348,0.507228070175439,-0.159574468085106,-0.429699842022117,-0.166953528399312,-0.638986358183626,-0.456301705958987,-0.0454086781029264,-0.0884353741496599,0.909090909090909,-0.356282271944922,-0.113211941145099,-0.296546732950428,-0.474488284071256,-0.287037037037037,0,0.581818181818182,-0.0701754385964913,-0.378440366972477,0.211538461538462,"unreg"
"44",44,13.64211178,53.48610306,94.92906952,25.67058182,90.1111908,823.6616211,47.3900795,330.3085022,122.2958603,330.3085022,19.60213852,13.77093887,14.89660072,30.93268585,5.4267869,25.50589943,433.0838318,24.53026199,24.53026199,13.29948902,1.09079361,26.7574234,1.862619042,1.011930108,16.29348946,0.208528861,5.301919937,0.059132177,15.99515152,46.6536026,3.008567333,8.92,97.606,1.126,1.040013639,0.742698832,1.283,2.063,55.51873668,3.768,2.485,0.83,0.935,0.327,0.068050465,43.014,7.121,0.42,0.655,1.127,2.433245248,0.844744694,1.066,1.409,0.107,0.693,28.43396982,74.95944932,208.5145853,0.157,0.074,0.113,0.09,0.486,0.04,0.087980781,0.214997840779308,0.8890862532483,0.0036165000286798,0.592171944852652,0.0493060941393494,13,0.83286642419178,0.469738955850508,0.363127468341273,15,0.41782747132139,1.15268354561451,0.923887552822241,3.22207730838021,2.15697283942094,0.648954360566473,3.6700694761988,-0.398891299108219,0.00158346955699806,-0.0244441858304641,-0.136802973977695,-0.213178294573643,-0.391160227438337,-0.016213245397087,0.129032258064516,0.0120918984280531,-0.292494481236203,0.0072992700729928,0.428315693880681,-0.54963656999348,0.507228070175439,-0.159574468085106,-0.429699842022117,-0.166953528399312,-0.638986358183626,-0.456301705958987,-0.0454086781029264,-0.0884353741496599,0.909090909090909,-0.356282271944922,-0.113211941145099,-0.296546732950428,-0.474488284071256,-0.287037037037037,0,0.581818181818182,-0.0701754385964913,-0.378440366972477,0.211538461538462,"unreg"
