"","X.1","X","site","clim_pdry","clim_psea","clim_pwet","clim_tcld","clim_tsea","clim_twrm","soil_awc","soil_bdw","soil_cly","soil_der","soil_des","soil_ece","soil_nto","soil_phc","soil_pto","soil_slt","soil_snd","soil_soc","MDFMDFWet.x","MDFMDFDry.x","CVMDFWet.x","CVMDFDry.x","HSPeak.x","HSMeanDur.x","CVAnnHSPeak.x","CVAnnHSMeanDur.x","LSPeak.x","LSMeanDur.x","CVAnnLSPeak.x","CVAnnLSMeanDur.x","BFI.x","CVAnnBFI.x","C_MinM.x","M_MinM.x","C_MaxM.x","M_MaxM.x","regulation","FDis","FDiv","FRic","FEve","nbsp","richness","exotics","SLA","seed.mass","maximum.height","flowering.duration","wood.density","leaf.area","CV.y","MDFMDFWet.y","MDFMDFDry.y","CVMDFWet.y","CVMDFDry.y","HSPeak.y","HSMeanDur.y","CVAnnHSPeak.y","CVAnnHSMeanDur.y","LSPeak.y","LSMeanDur.y","CVAnnLSPeak.y","CVAnnLSMeanDur.y","BFI.y","CVAnnBFI.y","C_MinM.y","M_MinM.y","C_MaxM.y","M_MaxM.y","production_natural_w","production_dryland_w","intensive_w","conservation_w","production_irrigated_w","replicate","richness.stand","FRic.SES","FDis.SES","MDFAnnHSNum.x","CVAnnHSNum.x","MDFAnnLSNum.x","CVAnnLSNum.x","MDFAnnHSNum.y","CVAnnHSNum.y","MDFAnnLSNum.y","CVAnnLSNum.y","richness.stand.ln","exoticRich.ln","richness.stand.chao","richness.chao","richness.ACE"
"1",1,1,1,118.697998,46.90408707,442.6585693,14.8249712,389.8130493,24.52971649,13.1887064,1.23506403,26.685215,15.96392727,1.13616991,7.168894291,0.225267485,4.850421906,0.067161635,15.6005621,46.35223007,4.216975212,1.281970831,0.800105029,0.902,1,34.02541314,3.404,0.675,0.384,0.105727429,22.099,0.753,0.881,0.26,0.27,0.064,0.095,0.198,0.077,0.044342519,0.152529768,0.702460364,0.047641071,0.676635735,32,0.091415831,0.059675024,1.186000009,1.589133986,4.451220565,2.292709953,0.597644041,4.734291147,-0.017714619,0.014188154,-0.006655956,-0.012793177,0.026694045,-0.043660284,0.035790762,-0.034431138,0.428571429,-0.054854793,0.076745302,0.012084592,-0.014362657,-0.042307692,-0.016722408,-0.158730159,0.07079646,-0.004830918,0.03,0.58,0.12,0.21,0.08,0.01,1,0.082497213,-0.335028718679677,-0.861996605549012,2.75,0.843,8.875,0.429,0.099924585,-0.108583247,-0.026695269,0.104519774,6.0597041210445,0.655103148221027,0.100287134539239,44.9787798408488,41
"2",2,2,4,142.5914917,44.22193527,480.625946,14.70363712,384.7421875,24.25049591,13.15342522,1.197072864,22.65402603,3.583175898,1.129638195,9.990216255,0.174282745,4.612263203,0.044354651,20.67567635,52.77626038,3.385577917,0.669105982,0.906094877,0.862,1.056,18.18686352,6.635,0.567,0.629,0.054219334,14.39,0.423,0.681,0.305,0.411,0.066,0.145,0.329,0.078,0.23025904,0.229045533,0.922385733,0.070734517,0.586098163,26,0.061918329,0.226968726,1.144259073,1.025298342,3.303810868,2.586916073,0.575819284,5.651134109,-0.045829042,-0.482227538,0.263252212,-0.325,0.112913692,-0.259728858,1,1.132332879,2.045614035,0.004312274,-0.462532103,0.229885057,-0.04302926,0.316239316,-0.020634921,2.434782609,0.893129771,-0.108545035,1.64,0.32,0,0.09,0.5,0.04,1,0.055080722,0.0933016215168389,1.49615655079596,1.576,1.914,10.212,0.425,-0.422848665,0.261961722,0.50934768,-0.220394737,4.62796630161903,0.957510269300489,0.0664604531271198,34.9914285714286,32.6
"3",3,3,5,127.6242981,44.97564697,453.189209,13.58786678,397.3336792,23.45186424,13.55158997,1.153934479,21.23000717,4.248885155,1.069239497,10.28589153,0.206879646,4.835061073,0.044240389,20.04157066,49.53961182,3.460840464,1.169696748,0.536336534,0.789,1.504,46.58921633,4.061,0.85,0.407,0.092796227,19.2,0.348,0.474,0.228,0.341,0.063,0.084,0.25,0.08,0.03225678,0.12981442,0.521786555,0.008025274,0.665748442,15,0.040241449,0.075498784,1.037016881,1.272132871,1.53797095,2.293061707,0.647972478,3.979268098,0.019445445,0.036878926,-0.002401658,0.008027523,0.003412969,0.034601024,0.005331302,0.073825503,-0.052117264,-0.032347776,0.057704176,0.166153846,0.158854167,-0.025641026,0.021671827,-0.211111111,0.04,0.068669528,-0.019047619,0.7,0.02,0.04,0.24,0,1,0.038229376,-0.174048312278212,0.386583468137595,2,0.788,9.606,0.376,0.064384262,0.051682692,-0.068675089,0.06557377,3.0602761529006,0.96640299565282,0.0422508329872354,20.998663994656,20
"4",4,4,6,144.0125732,43.74140549,476.1430969,14.8046999,381.8599243,24.27853966,13.5691967,1.210136533,21.60365295,5.05502224,1.162707686,8.458163261,0.16823931,4.626170158,0.054521311,19.61895943,51.64487076,3.588429213,0.669105982,0.906094877,0.862,1.056,18.18686352,6.635,0.567,0.629,0.054219334,14.39,0.423,0.681,0.305,0.411,0.066,0.145,0.329,0.078,0.23025904,0.227995052,0.887541237,0.111745846,0.588742538,29,0.107023411,0.198397777,1.183352283,0.953408993,2.902004124,2.499336924,0.530648338,6.000240096,-0.045829042,-0.482227538,0.263252212,-0.325,0.112913692,-0.259728858,1,1.132332879,2.045614035,0.004312274,-0.462532103,0.229885057,-0.04302926,0.316239316,-0.020634921,2.434782609,0.893129771,-0.108545035,1.64,0.28,0,0.13,0.53,0.02,2,0.084726867,0.00921339035889463,1.43163842824015,1.576,1.914,10.212,0.425,-0.422848665,0.261961722,0.50934768,-0.220394737,6.22347990809976,1.47398208349731,0.106987850694945,47.9840510366826,48
"5",5,5,9,122.2714691,47.68352509,449.5500488,15.22526455,396.1566772,25.05847168,13.66369915,1.241800547,23.01506615,5.216386795,1.193337083,10.38984203,0.210364312,4.973424435,0.046734612,21.46771431,59.48788452,2.84725523,1.476546477,0.664082038,1.468,2.283,66.54781343,3.314,1.163,0.401,0.084922263,42.049,0.491,0.76,0.12,0.567,0.033,0.097,0.402,0.055,0.139512725,0.220674706,0.874591188,0.18428577,0.585543936,42,0.187100639,0.334377735,1.158846889,1.375816439,2.713351477,2.337878186,0.599953643,4.678709648,0.117592678,0.113602767,-0.135083849,-0.026989619,0.010447761,0.23825157,-0.051997811,-0.039840637,-0.312380952,0.059696811,0.167899271,-0.144053601,0.346666667,-0.219858156,0.25203252,1.777777778,0.404958678,0.086330935,1.133333333,0.65,0.21,0.04,0.08,0,1,0.153354633,-0.177403023095785,1.30629194237257,2.217,0.977,7,0.423,-0.115435648,0.070452156,-0.06805649,0.028248588,8.35334192132665,1.39222365355444,0.194797494314773,60.971615720524,58.5625
"6",6,6,10,115.2363205,47.22675705,429.9311218,14.84904575,395.9205933,24.67420006,13.44261932,1.245633245,21.97478867,10.35305309,1.282849908,10.66763306,0.205140367,5.052348614,0.067297325,18.53188705,50.7361908,2.714846611,1.014855772,1.134334821,0.846,0.756,7.150323096,8.593,0.357,0.699,0.023516088,29.977,2.372,0.63,0.357,0.374,0.183,0.095,0.401,0.075,0.472524735,0.219524183,0.811934451,0.123425923,0.556358741,32,0.072280179,0.265326782,1.206291312,1.220307759,3.499547742,2.464025556,0.56693907,4.633870946,-0.844581006,-0.174848542,0.115018247,-0.471661238,-0.598779134,-0.842090806,2.210741389,-0.784371909,0.46991404,-0.366269001,1.085835644,1.741239892,0.251054852,1.846153846,-0.164705882,3.19047619,0.421052632,-0.48048048,0.888888889,0.6,0.1,0.07,0.18,0,1,0.052160954,0.723078223976635,1.13800498895904,1.083,1.619,5.042,0.585,-0.75853906,1.472324723,-0.716610625,0.936599424,5.37736079794103,1.07547215958821,0.0655526479458324,43.9858267716535,48.5
"7",7,7,11,117.9629822,46.57189178,427.7681274,14.82857132,402.2951965,24.81098747,13.82916737,1.212114453,22.13776588,4.085037231,1.151995182,10.10849953,0.21017696,5.113440037,0.045529574,16.24158669,56.77944565,2.883789539,1.014855772,1.134334821,0.846,0.756,7.150323096,8.593,0.357,0.699,0.023516088,29.977,2.372,0.63,0.357,0.374,0.183,0.095,0.401,0.075,0.472524735,0.23424294,0.880343927,0.118885176,0.538053487,45,0.107177318,0.095162138,1.100940175,1.776690098,3.262556288,2.046176619,0.58798565,6.034213827,-0.844581006,-0.174848542,0.115018247,-0.471661238,-0.598779134,-0.842090806,2.210741389,-0.784371909,0.46991404,-0.366269001,1.085835644,1.741239892,0.251054852,1.846153846,-0.164705882,3.19047619,0.421052632,-0.48048048,0.888888889,0.63,0.05,0,0.26,0,2,0.07748831,-0.230681982573616,1.59786145394816,1.083,1.619,5.042,0.585,-0.75853906,1.472324723,-0.716610625,0.936599424,8.76388274066531,0.906608559379171,0.104186885724175,77.9838839645447,80.2222222222222
"8",8,8,12,140.6659698,46.8634491,505.5458374,14.96645164,380.9794922,24.43831825,12.74608994,1.190961003,28.29791451,4.900153637,1.084346652,8.864079475,0.236093491,4.712797642,0.065761514,16.90513992,42.53391647,3.873775005,1.289582469,0.793918391,1.045,0.986,28.71736471,4.177,0.626,0.376,0.078709517,25.015,0.568,0.602,0.297,0.318,0.056,0.084,0.219,0.066,0.043585689,0.167591755,0.771105323,0.123567185,0.522262385,41,0.106221792,0.035113554,1.152654887,2.015512419,4.504577472,2.014984061,0.597302126,5.097383938,0.036230168,0.019453446,-0.068134427,-0.032319392,0.02367531,0.025435381,0.026099565,-0.044142615,-0.036585366,-0.139265236,0.024867509,0.210227273,-0.044303797,-0.053333333,-0.042253521,-0.362745098,0.028846154,0.04950495,-0.049019608,0.16,0.01,0.41,0.37,0,1,0.090425532,-0.243249588438372,-0.749414063765375,2.394,1.033,6.788,0.418,0.007930214,-0.064272212,0.044228218,-0.209051724,8.05044408071801,0.947111068319766,0.115213117056386,64.980198019802,59.9090909090909
"9",9,9,13,149.7206421,47.5550766,546.2020874,14.87631035,378.6060181,24.29091644,13.6856823,1.226225853,20.69457817,6.154711723,1.24091053,9.230606079,0.205991253,4.66545105,0.049153753,19.01200867,46.36630249,3.177581787,1.289582469,0.793918391,1.045,0.986,28.71736471,4.177,0.626,0.376,0.078709517,25.015,0.568,0.602,0.297,0.318,0.056,0.084,0.219,0.066,0.043585689,0.160135412,0.939050625,0.026642942,0.459908876,22,0.070355191,0.090739015,1.146962986,0.614287658,2.1657572,2.358019433,0.557941274,8.487896055,0.036230168,0.019453446,-0.068134427,-0.032319392,0.02367531,0.025435381,0.026099565,-0.044142615,-0.036585366,-0.139265236,0.024867509,0.210227273,-0.044303797,-0.053333333,-0.042253521,-0.362745098,0.028846154,0.04950495,-0.049019608,0.17,0.01,0.39,0.35,0,2,0.036885246,-0.199957243472026,1.93087258620057,2.394,1.033,6.788,0.418,0.007930214,-0.064272212,0.044228218,-0.209051724,4.09352614794398,1.21289663642785,0.0464450361102102,33.9977664326739,51.5
"10",10,10,14,133.2174683,47.16553497,483.5106812,14.51522636,373.4295959,23.79650497,13.32135773,1.252987862,23.61512756,5.148770332,1.284927487,10.84250259,0.236646309,4.984775543,0.060827896,21.3055687,51.38861847,2.565692425,1.190144261,0.766186457,1.211,1.508,38.873808,3.925,0.829,0.383,0.099014393,30.881,0.494,0.605,0.241,0.363,0.028,0.081,0.221,0.062,0.072890363,0.169150423,0.745272098,0.038585407,0.490459782,25,0.071551724,0.075446967,1.186735965,1.363968678,4.384770607,2.493916394,0.554654215,5.135044289,0.114010989,0.049623473,-0.083848609,-0.002586207,0.023646072,0.099489199,-0.03025,-0.039637599,-0.091922006,-0.116445673,0.099198256,0.520249221,0.148672566,-0.092307692,0.025069638,-0.626373626,-0.025862069,-0.045248869,-0.235955056,0.32,0.01,0.21,0.44,0,1,0.057471264,-0.173428272586015,-0.177462636160698,2.424,0.868,6.636,0.394,-0.024616626,-0.013377926,0.045520347,-0.035805627,4.11499194812449,0.658398711699918,0.0735242548217417,31.9830508474576,31.125
"11",11,11,15,142.9963226,47.66791153,514.1046143,15.2034359,371.7948914,24.44318962,12.78553867,1.235350966,24.98325729,9.086792946,1.12790072,8.41435051,0.249562219,4.876652241,0.061960746,16.99801445,38.54547501,3.182640553,1.229490022,0.846294676,1.008,1.195,29.58064647,3.522,0.922,0.35,0.080519335,37.181,0.574,0.744,0.179,0.3,0.006,0.103,0.32,0.061,0.112021518,0.211436404,0.738514293,0.083748502,0.516745897,39,0.135714286,0.011897838,1.115346199,1.156356144,3.178487237,2.286650076,0.534902906,5.23107942,0.114743857,0.032571963,-0.116243563,0.103869654,0.069620253,0.126025167,-0.046947083,-0.134133043,-0.342105263,-0.224572119,0.719697294,0.167115903,0.056,-0.223684211,-0.121794872,-0.886792453,0.008928571,0.379166667,0.049382716,0.32,0.01,0.51,0.14,0.01,1,0.114634146,-0.400570080764734,0.895007886697307,3.424,0.781,6.848,0.316,0.076559546,0.023370234,-0.293826345,-0.025210084,7.81229591454964,0.332438124023389,0.141437467566165,57.9893617021277,55.6428571428571
"12",12,12,16,153.9534302,47.6153717,547.5517578,15.66578484,371.5868225,24.90232086,13.70651722,1.210251689,26.41773415,11.80940914,1.42114675,9.067087173,0.216775209,4.842906475,0.065082565,20.1696949,40.39208221,3.360384941,1.229490022,0.846294676,1.008,1.195,29.58064647,3.522,0.922,0.35,0.080519335,37.181,0.574,0.744,0.179,0.3,0.006,0.103,0.32,0.061,0.112021518,0.232125046,0.900888925,0.087842481,0.550474242,34,0.107142857,0.016933907,1.027308244,1.029125405,2.999575666,2.272683627,0.593457814,5.516674517,0.114743857,0.032571963,-0.116243563,0.103869654,0.069620253,0.126025167,-0.046947083,-0.134133043,-0.342105263,-0.224572119,0.719697294,0.167115903,0.056,-0.223684211,-0.121794872,-0.886792453,0.008928571,0.379166667,0.049382716,0.48,0.04,0.35,0.11,0.01,2,0.085059978,-0.0963717716649681,1.75316832331519,3.424,0.781,6.848,0.316,0.076559546,0.023370234,-0.293826345,-0.025210084,6.36427100430882,0.489559308023756,0.104655243327686,47.9844290657439,49.125
"13",13,13,17,110.6557007,46.64665604,393.8253784,15.00520515,408.7309265,25.15003967,13.89303493,1.292001605,19.7485714,5.678670883,1.182123184,10.80613041,0.186816216,5.155008316,0.029275855,21.5009613,57.99703217,2.661882162,1.362287823,0.75099631,1.456,2.471,67.46410824,3.738,1.08,0.472,0.084747847,42.371,0.67,0.719,0.141,0.566,0.049,0.077,0.38,0.047,0.157410179,0.234794857,0.868803865,0.127754539,0.619224139,29,0.166987797,0.216648268,1.065006915,0.79777275,3.3596815,2.23099927,0.646688648,4.680236491,0.220161201,-0.012950002,0.002655248,0.130952381,0.12691914,0.200766592,-0.006381798,0.072691552,-0.00530504,-0.264355729,1.139765129,0.892230576,-0.002919708,-0.33,0.197727273,-0.068181818,0.257731959,0.438848921,-0.01754386,0.71,0.05,0.08,0.1,0.02,1,0.134874759,0.128154770380718,1.66986064068827,2.103,0.903,6.966,0.456,-0.066840278,-0.096514745,-0.294960703,-0.14059754,6.29637198972785,0.359792685127306,0.173283642632593,44.9671052631579,43.3333333333333
"14",14,14,18,180.3746948,44.97273636,615.5736084,15.41865253,367.1764221,24.55631447,13.47075558,1.177639246,24.2046814,12.90537262,1.424053431,6.850393772,0.172786817,4.726504803,0.019722953,15.66880417,52.16349411,3.451344013,1.15157498,0.817348496,0.965,1.018,37.34932885,3.823,0.726,0.347,0.068165793,28.283,0.421,0.455,0.196,0.321,0.02,0.096,0.33,0.088,0.087852935,0.214101933,0.92077471,0.15287724,0.608524246,41,0.172995781,0.049216001,1.07378825,1.058450322,3.198868352,2.346428459,0.641678353,5.649674082,-0.013480622,-0.072106769,-0.080749431,0.017489712,-0.064859632,0.182171973,-0.024532119,-0.352587244,0.006514658,-0.026607829,0.023098046,0.369047619,0.208542714,-0.01025641,0.174242424,0.652173913,0.209302326,0.125806452,0.311320755,0.19,0.22,0.17,0.38,0.02,1,0.157524613,0.00720090902104978,1.0288288001811,2.385,0.847,7.846,0.34,-0.12561925,0.129539952,-0.051421018,0.139318885,9.53430820906314,1.36204402986616,0.188424268878219,66.9848275862069,61.5
"15",15,15,19,175.6973877,46.1240921,621.8434448,15.39517403,369.0868225,24.58233643,13.54885101,1.178313613,18.64055634,13.38751698,1.3594383,5.308700562,0.144575834,4.624115467,0.027085761,16.44834137,54.74507904,2.878742695,1.15157498,0.817348496,0.965,1.018,37.34932885,3.823,0.726,0.347,0.068165793,28.283,0.421,0.455,0.196,0.321,0.02,0.096,0.33,0.088,0.087852935,0.205873706,0.836504717,0.186307871,0.499193306,44,0.186406186,0.010736136,1.112692928,1.626014549,3.841714782,2.129671717,0.579242321,5.375688102,-0.013480622,-0.072106769,-0.080749431,0.017489712,-0.064859632,0.182171973,-0.024532119,-0.352587244,0.006514658,-0.026607829,0.023098046,0.369047619,0.208542714,-0.01025641,0.174242424,0.652173913,0.209302326,0.125806452,0.311320755,0.26,0.06,0.28,0.37,0.03,2,0.146520147,0.2314836523471,0.740740763829983,2.385,0.847,7.846,0.34,-0.12561925,0.129539952,-0.051421018,0.139318885,9.97516698257475,0.66501113217165,0.180675496163068,73.9866156787763,76.3333333333333
"16",16,16,20,92.41080475,50.12212753,362.3360596,13.05895615,455.1161194,24.36642075,13.09423923,1.262551427,20.30681229,0.008299958,1.180792212,14.21013737,0.156151399,5.367919445,0.038722668,16.20524788,59.86289597,3.341474533,1.788763479,1.139836743,0,0,26.50306359,7.7,0.658,0.479,0.062027613,7.951,0.45,0.654,0.413,0.322,0.357,0.128,0.304,0.114,0.379947512,0.223057185,0.924116599,0.058018102,0.541857648,22,0.045045045,0.24589396,1.118693373,0.755446709,3.162808655,2.251367171,0.590689888,4.716160589,-0.442122186,-0.005241534,1.530678941,-0.204690832,-0.464285714,-0.309065503,1.239674229,0.674300254,-0.28185907,0.835121517,0.813367711,0.164835165,1.611111111,1.549382716,-0.069364162,0.428,-0.268571429,-0.674518201,3.222222222,0.72,0,0.04,0.18,0,1,0.038808039,0.267731418716897,1.20243778910923,1,1.183,7.7,0.439,-0.656239257,0.439172749,-0.78783131,0.48951049,4.25445766767348,0.455834750107873,0.0470990741261012,33.981981981982,32.5
"17",17,17,21,90.99304962,50.21345901,359.0811462,13.24980164,457.2368774,24.60858345,15.32453442,1.281211019,22.18075562,7.708849907,1.267469406,16.79611206,0.15448001,5.197907925,0.07580734,16.36651611,57.77083588,2.956904411,1.788763479,1.139836743,0,0,26.50306359,7.7,0.658,0.479,0.062027613,7.951,0.45,0.654,0.413,0.322,0.357,0.128,0.304,0.114,0.379947512,0.200681791,0.880126525,0.017423474,0.563160954,17,0.067650051,0.476297968,1.090101078,0.639010062,3.969645897,2.126072158,0.758769428,3.370646134,-0.442122186,-0.005241534,1.530678941,-0.204690832,-0.464285714,-0.309065503,1.239674229,0.674300254,-0.28185907,0.835121517,0.813367711,0.164835165,1.611111111,1.549382716,-0.069364162,0.428,-0.268571429,-0.674518201,3.222222222,0.75,0,0.03,0.14,0.04,2,0.042726348,-0.106447112106834,1.02185832756418,1,1.183,7.7,0.439,-0.656239257,0.439172749,-0.78783131,0.48951049,3.38848389949107,0.322712752332483,0.0569159099525888,27.9741697416974,33.25
"18",18,18,22,120.2618484,47.60472488,444.0291443,14.92751408,397.6425781,24.79585266,13.41997814,1.224936604,22.88242531,5.24861908,1.219935536,10.51617908,0.199940905,4.925070286,0.044705488,21.34404564,52.54550934,3.224890947,1.476546477,0.664082038,1.468,2.283,66.54781343,3.314,1.163,0.401,0.084922263,42.049,0.491,0.76,0.12,0.567,0.033,0.097,0.402,0.055,0.139512725,0.204565843,0.836893412,0.185100703,0.598546929,52,0.206536857,0.005201854,1.124079008,1.531369335,3.753878392,1.987139132,0.636512982,4.978579461,0.117592678,0.113602767,-0.135083849,-0.026989619,0.010447761,0.23825157,-0.051997811,-0.039840637,-0.312380952,0.059696811,0.167899271,-0.144053601,0.346666667,-0.219858156,0.25203252,1.777777778,0.404958678,0.086330935,1.133333333,0.69,0.24,0,0.07,0,2,0.175243394,-0.0649229622640477,0.618798780607445,2.217,0.977,7,0.423,-0.115435648,0.070452156,-0.06805649,0.028248588,10.7057026226535,0.339863575322334,0.216925478386988,77.9847094801223,74.25
"19",19,19,23,108.7124939,46.45315552,385.0382385,15.26831341,409.4788818,25.43223381,13.79076099,1.214640617,25.51976013,5.378195286,1.162287593,8.306036949,0.189166054,5.128108501,0.029219031,18.92180252,64.147995,2.74611187,1.362287823,0.75099631,1.456,2.471,67.46410824,3.738,1.08,0.472,0.084747847,42.371,0.67,0.719,0.141,0.566,0.049,0.077,0.38,0.047,0.157410179,0.182385273,0.800536185,0.14858843,0.501230237,39,0.138178555,0.396861489,1.151173862,1.550526633,4.422145492,2.081011172,0.6620225,4.503787806,0.220161201,-0.012950002,0.002655248,0.130952381,0.12691914,0.200766592,-0.006381798,0.072691552,-0.00530504,-0.264355729,1.139765129,0.892230576,-0.002919708,-0.33,0.197727273,-0.068181818,0.257731959,0.438848921,-0.01754386,0.76,0.05,0.05,0.11,0.01,2,0.115746972,-0.0275042830187109,0.188446512370062,2.103,0.903,6.966,0.456,-0.066840278,-0.096514745,-0.294960703,-0.14059754,7.26652216772523,0.506966662864551,0.142633932024566,52.9885057471264,51.3333333333333
"20",20,20,24,133.8505707,47.14621735,485.6012573,15.06855774,383.6312866,24.59764099,12.51353455,1.194116235,24.21467018,2.028835058,1.143324971,8.875918388,0.248414099,4.832206726,0.058920935,19.54282188,47.0014534,3.257363796,1.190144261,0.766186457,1.211,1.508,38.873808,3.925,0.829,0.383,0.099014393,30.881,0.494,0.605,0.241,0.363,0.028,0.081,0.221,0.062,0.072890363,0.171985893,0.835285283,0.039549606,0.470365801,22,0.095238095,0.117629944,1.195847079,1.806773186,4.64799652,2.432673259,0.562416218,5.294470179,0.114010989,0.049623473,-0.083848609,-0.002586207,0.023646072,0.099489199,-0.03025,-0.039637599,-0.091922006,-0.116445673,0.099198256,0.520249221,0.148672566,-0.092307692,0.025069638,-0.626373626,-0.025862069,-0.045248869,-0.235955056,0.32,0.01,0.21,0.44,0,2,0.055370986,-0.00793776090550685,-0.149750390009529,2.424,0.868,6.636,0.394,-0.024616626,-0.013377926,0.045520347,-0.035805627,4.08992911744087,1.14518015288344,0.0686411724511675,30.9914893617021,43
"21",21,21,25,124.3870544,44.85270691,441.6426392,13.63237,404.3740234,23.6688118,14.02777481,1.156258583,22.92389679,5.548941612,1.276729345,11.36448479,0.234210834,4.992982864,0.048109736,20.85249329,59.82904053,3.5434618,1.169696748,0.536336534,0.789,1.504,46.58921633,4.061,0.85,0.407,0.092796227,19.2,0.348,0.474,0.228,0.341,0.063,0.084,0.25,0.08,0.03225678,0.225022005,0.804641062,0.216727845,0.728778494,39,0.092356688,0.102613483,1.198630596,1.166587766,3.487575117,2.601388685,0.60125659,4.769917254,0.019445445,0.036878926,-0.002401658,0.008027523,0.003412969,0.034601024,0.005331302,0.073825503,-0.052117264,-0.032347776,0.057704176,0.166153846,0.158854167,-0.025641026,0.021671827,-0.211111111,0.04,0.068669528,-0.019047619,0.83,0.04,0.04,0.1,0,2,0.073248408,0.292464526031011,1.50609794432124,2,0.788,9.606,0.376,0.064384262,0.051682692,-0.068675089,0.06557377,7.14004085522329,0.620873117845504,0.0923284212113217,57.9822485207101,58
"22",22,22,26,138.9720001,48.35898972,531.1469116,14.74308586,378.7570801,24.17473793,14.10608292,1.169951916,21.66416931,6.703179359,1.31656456,7.602606297,0.277863413,4.742794991,0.047706813,17.75388718,49.6878624,3.8700881,1.281970831,0.800105029,0.902,1,34.02541314,3.404,0.675,0.384,0.105727429,22.099,0.753,0.881,0.26,0.27,0.064,0.095,0.198,0.077,0.044342519,0.154467324,0.679605732,0.075157921,0.602321088,49,0.203344121,0.047680894,1.165187807,1.88519436,4.371859294,1.962734445,0.579752305,5.479904747,-0.017714619,0.014188154,-0.006655956,-0.012793177,0.026694045,-0.043660284,0.035790762,-0.034431138,0.428571429,-0.054854793,0.076745302,0.012084592,-0.014362657,-0.042307692,-0.016722408,-0.158730159,0.07079646,-0.004830918,0.03,0.59,0.08,0.23,0.06,0.03,2,0.095469256,-0.583682434643629,-1.34199231499248,2.75,0.843,8.875,0.429,0.099924585,-0.108583247,-0.026695269,0.104519774,9.18075250435295,0.6224238986002,0.12780207925839,78.981684981685,125.666666666667
"23",23,23,27,96.72099304,48.70245743,357.2359314,12.794487,450.627533,23.99592972,15.17580605,1.217576981,20.56720924,12.53192806,1.303043127,14.28969193,0.164184108,5.369582653,0.064348981,14.84450054,59.03322983,3.002785206,0.669105982,0.906094877,0.862,1.056,18.18686352,6.635,0.567,0.629,0.054219334,14.39,0.423,0.681,0.305,0.411,0.177,0.062,0.316,0.057,0.211616851,0.226881489,0.904397646,0.055400551,0.494280512,17,0.045131846,0.191575341,1.09429045,0.255456065,2.990309862,2.196201027,0.698171069,3.472500903,-0.341491308,-0.052477608,0.089186661,0.790201005,-0.123222749,-0.257284734,0.57568911,-0.359765051,0.215102975,-0.287374037,-0.432552103,0.293103448,0.628205128,0.476923077,0.219594595,2.576271186,-0.467153285,0.084210526,-0.405172414,0.44,0,0.25,0.24,0,1,0.020283976,0.449865553451597,1.3322296049458,1.576,1.914,10.212,0.425,-0.40671778,1.858730159,0.085425956,0.150819672,2.90121801424679,0.435182702137018,0.0273647823455073,26.9816753926702,44.5
"24",24,24,28,96.59196472,48.76673889,357.1707458,12.84397888,450.1040344,24.03188324,15.2666378,1.219159245,25.6273365,6.38536644,1.241523743,16.11069298,0.20807229,5.620397568,0.063536696,16.67122459,55.79307556,3.169724464,0.669105982,0.906094877,0.862,1.056,18.18686352,6.635,0.567,0.629,0.054219334,14.39,0.423,0.681,0.305,0.411,0.177,0.062,0.316,0.057,0.211616851,0.15890138,0.872273273,0.004349929,0.497547174,12,0.030701754,0.273247114,1.213440732,3.101529662,5.078944583,2.052923949,0.606394022,5.360221682,-0.341491308,-0.052477608,0.089186661,0.790201005,-0.123222749,-0.257284734,0.57568911,-0.359765051,0.215102975,-0.287374037,-0.432552103,0.293103448,0.628205128,0.476923077,0.219594595,2.576271186,-0.467153285,0.084210526,-0.405172414,0.51,0,0.18,0.23,0.04,2,0.028508772,0.0118446312240016,0.634194964813901,1.576,1.914,10.212,0.425,-0.40671778,1.858730159,0.085425956,0.150819672,2.12331813273801,0.653328656227081,0.0328881314732615,14.9969879518072,14
"25",25,25,29,182.3864441,49.57830048,746.788147,14.58577728,368.1811829,23.73807335,12.34877777,1.003418565,25.05378723,0.949811876,1.130906701,8.59089756,0.198651895,4.557004452,0.051866807,24.11776924,47.61996078,5.469777107,1.313830399,0.639627201,0.694,0.893,25.63287692,3.632,0.543,0.31,0.097974917,18.964,0.315,0.531,0.248,0.331,0.051,0.154,0.213,0.094,0.103742363,0.145350273,0.6667451,0.11503684,0.539711447,53,0.201136364,0.250546472,1.124538456,1.459792599,3.98185817,2.167637664,0.609208654,4.687876773,-0.074986465,-0.110735068,-0.311426542,-0.190871369,-0.101886792,-0.133379113,0.085258055,0.034321373,0.037790698,0.017273295,0.074936401,-0.280839895,-0.134663342,-0.059701493,-0.006644518,-0.075,1.421487603,0.024038462,0.466666667,0.83,0,0,0.17,0,1,0.145454545,-0.552874730548496,-2.04476680923177,3,0.725,9.474,0.355,0.16892911,0.034993271,0.055555556,-0.006269592,10.5145997464023,0.821453105187679,0.193121096460791,84.9732824427481,88.5
"26",26,26,30,178.168335,47.14861298,678.9696045,14.23756695,357.7488403,23.13147545,13.11222649,0.961631596,27.44244576,2.835472107,1.126103163,8.552789688,0.192815363,4.608438492,0.058842644,25.17512321,43.12921906,4.636009216,1.313830399,0.639627201,0.694,0.893,25.63287692,3.632,0.543,0.31,0.097974917,18.964,0.315,0.531,0.248,0.331,0.051,0.154,0.213,0.094,0.103742363,0.2059992,0.89144886,0.081804111,0.608093167,38,0.287755102,0.029321486,1.119473958,1.721621612,4.12765432,2.042422612,0.588453001,7.072844096,-0.074986465,-0.110735068,-0.311426542,-0.190871369,-0.101886792,-0.133379113,0.085258055,0.034321373,0.037790698,0.017273295,0.074936401,-0.280839895,-0.134663342,-0.059701493,-0.006644518,-0.075,1.421487603,0.024038462,0.466666667,0.88,0,0,0.12,0,2,0.195918367,-0.429625884050141,0.740169711974374,3,0.725,9.474,0.355,0.16892911,0.034993271,0.055555556,-0.006269592,8.72527668452179,0.727106390376816,0.257022573272924,62.9705304518664,70.5
"27",27,27,31,104.8832703,46.1077919,359.6753845,15.52523422,414.8168335,25.8211174,13.62606239,1.303489804,23.73209763,3.837403059,1.038965583,9.863471031,0.167249128,5.192152023,0.03850754,17.60295868,58.60747528,3.189157724,1.395744791,0.719178554,1.384,2.606,60.88900838,4.528,0.813,0.547,0.073068121,57.578,0.773,0.955,0.123,0.799,0.121,0.068,0.457,0.042,0.182718591,0.224202852,0.915781527,0.06678481,0.626593779,22,0.080662983,0.582416907,1.188735231,0.940376424,3.285508232,2.189653299,0.615829791,4.287671536,0.005711022,0.050478579,-0.061894612,0.025157233,0.109780439,0.055081242,0.06360424,-0.280583614,-0.216216216,-0.222717281,0.393700787,0.272058824,-0.197727273,-0.312169312,0.121990369,1.965517241,-0.06122449,0.233128834,0.2,0.85,0,0.02,0.07,0.04,1,0.053038674,0.134124662777088,1.32849203740086,2.182,0.94,5.727,0.505,0.012586806,0.057368942,-0.034582624,-0.238095238,3.92491136727137,0.817689868181536,0.0640547096078696,28.984756097561,36.5
"28",28,28,32,105.2748108,46.11059952,359.6354675,15.45806599,415.869751,25.77962494,13.79745483,1.30492723,37.01009369,3.663620472,1.25180757,11.79919052,0.165497899,5.533581257,0.052234191,18.10488892,48.8753624,2.965215921,1.395744791,0.719178554,1.384,2.606,60.88900838,4.528,0.813,0.547,0.073068121,57.578,0.773,0.955,0.123,0.799,0.121,0.068,0.457,0.042,0.182718591,0.177479536,0.841622577,0.021979929,0.495113715,16,0.049029126,0.862555839,1.04863263,1.346392773,3.470565327,1.980646456,0.742545624,2.293399163,0.005711022,0.050478579,-0.061894612,0.025157233,0.109780439,0.055081242,0.06360424,-0.280583614,-0.216216216,-0.222717281,0.393700787,0.272058824,-0.197727273,-0.312169312,0.121990369,1.965517241,-0.06122449,0.233128834,0.2,0.81,0,0.02,0.07,0.06,2,0.036893204,-0.32560063943168,0.416172715872348,2.182,0.94,5.727,0.505,0.012586806,0.057368942,-0.034582624,-0.238095238,3.04283986995613,0.800747334198981,0.0465931316406181,23.9954627949183,25.25
"29",29,29,33,109.610878,46.89871979,376.1097107,15.45924377,414.7208557,25.75291061,14.31150627,1.329680443,22.39549446,6.105927467,1.190771341,10.37076378,0.14967297,5.232156277,0.039847791,18.41442299,55.94258118,2.410166264,1.353007735,0.603340634,1.219,2.231,44.89518588,4.419,0.811,0.425,0.058321024,40.891,0.519,0.516,0.1,0.632,0.08,0.091,0.497,0.045,0.055746011,0.216494855,0.855837028,0.079117255,0.587810329,25,0.057582527,0.022388716,1.170261498,1.521457121,3.900147227,2.018155963,0.601183543,4.366103095,0,0.003038297,-0.009789431,-0.040496408,0.040606389,-0.040033765,0.021090047,0.223853211,0.263157895,0.061663209,-0.045441424,-0.180987203,0.031809145,0.03960396,-0.063467492,0.033898305,-0.11023622,-0.002040816,0.040816327,0.79,0,0.02,0.18,0,1,0.041697692,0.264561274453607,1.04142974399487,2.242,0.829,7.606,0.325,0.054277829,-0.104689204,0.030756887,-0.038338658,4.30139637634016,0.153621299155006,0.0535871523744939,35.9837728194726,38.6666666666667
"30",30,30,34,109.610878,46.89871979,376.1097107,15.45924377,414.7208557,25.75291061,14.60508251,1.313132644,19.72196579,5.616991997,1.226912618,11.1349268,0.146004155,5.318706989,0.04654979,16.1189518,59.92668533,2.291818619,1.353007735,0.603340634,1.219,2.231,44.89518588,4.419,0.811,0.425,0.058321024,40.891,0.519,0.516,0.1,0.632,0.08,0.091,0.497,0.045,0.055746011,0.187418372,0.873919993,0.081264888,0.539856283,22,0.031085906,0.079956966,1.222486881,1.817391899,4.580138795,2.153827378,0.61680934,3.781384846,0,0.003038297,-0.009789431,-0.040496408,0.040606389,-0.040033765,0.021090047,0.223853211,0.263157895,0.061663209,-0.045441424,-0.180987203,0.031809145,0.03960396,-0.063467492,0.033898305,-0.11023622,-0.002040816,0.040816327,0.79,0,0.02,0.18,0,2,0.027725268,0.579439877386186,0.12893661520164,2.242,0.829,7.606,0.325,0.054277829,-0.104689204,0.030756887,-0.038338658,3.29516259917095,0.449340354432403,0.0327541658752484,25.9904306220096,24.6666666666667
"31",31,31,35,173.1053314,45.97392654,592.9439087,15.65501595,364.0437317,24.71052933,13.43427181,1.137929797,22.00115776,5.382903576,1.333310246,9.882054329,0.178362012,4.592539787,0.04280049,18.11139297,48.39881516,3.442286491,1.271408803,0.762396875,0.811,0.928,32.52428579,3.064,0.641,0.245,0.078646372,19.354,0.35,0.374,0.137,0.345,0.02,0.103,0.392,0.063,0.073307437,0.196020572,0.800227007,0.060642136,0.544827865,34,0.129429892,0.227048778,1.183166044,1.57429954,3.594950067,2.273014237,0.558064368,7.186989274,0.060744986,0.014264258,-0.054020304,0.032663317,-0.018808777,0.075979809,-0.007608336,-0.310933941,-0.359735974,-0.053249944,0.062689482,0.133333333,-0.115044248,-0.044117647,-0.048543689,-0.558139535,-0.038167939,0.137362637,-0.055555556,0.41,0.11,0.38,0.1,0,1,0.117103236,-0.414650001941359,0.328894973767881,3.615,0.686,12.538,0.301,-0.031364349,-0.019525802,-0.048298834,0.112554113,6.57179583444437,1.03765197385964,0.141717416293687,45.9873015873016,42
"32",32,32,36,174.6337128,45.53351593,594.2196655,15.62129784,365.2148743,24.70670891,13.24448299,1.162249923,18.37912178,14.67020321,1.476833224,7.618019581,0.20398964,4.710796833,0.035720848,19.27512932,51.20161819,3.259968758,1.271408803,0.762396875,0.811,0.928,32.52428579,3.064,0.641,0.245,0.078646372,19.354,0.35,0.374,0.137,0.345,0.02,0.103,0.392,0.063,0.073307437,0.192581991,0.851664553,0.008701511,0.61264699,25,0.107728337,0.063080988,1.178608463,2.027795057,4.798898504,2.281600758,0.553568709,6.181078506,0.060744986,0.014264258,-0.054020304,0.032663317,-0.018808777,0.075979809,-0.007608336,-0.310933941,-0.359735974,-0.053249944,0.062689482,0.133333333,-0.115044248,-0.044117647,-0.048543689,-0.558139535,-0.038167939,0.137362637,-0.055555556,0.34,0.25,0.14,0.21,0.05,2,0.06557377,-0.463238395002081,0.444347548453795,3.615,0.686,12.538,0.301,-0.031364349,-0.019525802,-0.048298834,0.112554113,4.62291538526802,0.495312362707288,0.0795907681153583,33.985257985258,46
"33",33,33,37,104.5128937,45.75644302,359.5658875,15.88125324,406.1400757,25.96599197,14.16942883,1.336469054,21.00814438,8.671669006,1.117469311,10.60014534,0.179275975,4.934397697,0.042755529,15.52996254,56.90710068,2.652782917,1.333501045,0.756948308,1.272,1.633,27.27722454,4.533,0.825,0.438,0.086182581,35.074,0.431,0.604,0.196,0.405,0.029,0.086,0.26,0.068,0.084167315,0.219690037,0.866467277,0.01607762,0.623338988,21,0.043161272,0.152918477,1.187575566,1.321330323,3.434230571,2.501087667,0.582102595,5.927660702,0.174616006,0.013677776,-0.058264771,0.164545455,0.125088339,0.145002897,-0.017198461,-0.142207053,0.218934911,-0.132465291,0.679349186,0.33463035,0.205811138,-0.180672269,0.154302671,-0.513157895,-0.218978102,0.020325203,0.150684932,0.61,0.03,0.15,0.15,0.03,1,0.038495188,-0.212214304258332,1.26243624210825,2.727,0.881,6.909,0.454,0.035608309,0.001089325,-0.231584526,0.137362637,3.4655140878424,0.630093470516801,0.0454792936290689,25.9914163090129,24.6666666666667
"34",34,34,38,103.131218,45.77086258,355.3100891,15.77677727,407.9249268,25.90482712,14.47156811,1.305361032,19.64848709,6.043702602,1.209150076,12.00130653,0.159985557,5.336770535,0.04734074,18.62579727,62.17832947,2.356807947,1.333501045,0.756948308,1.272,1.633,27.27722454,4.533,0.825,0.438,0.086182581,35.074,0.431,0.604,0.196,0.405,0.029,0.086,0.26,0.068,0.084167315,0.184073502,0.853967365,0.002271863,0.590742316,14,0.015802469,0.352450279,1.103565893,0.898047945,3.928687871,2.29815933,0.64653227,3.355543417,0.174616006,0.013677776,-0.058264771,0.164545455,0.125088339,0.145002897,-0.017198461,-0.142207053,0.218934911,-0.132465291,0.679349186,0.33463035,0.205811138,-0.180672269,0.154302671,-0.513157895,-0.218978102,0.020325203,0.150684932,0.61,0.03,0.16,0.15,0.03,2,0.014814815,-0.101940295603673,0.415433445098314,2.727,0.881,6.909,0.454,0.035608309,0.001089325,-0.231584526,0.137362637,2.16757436524383,0.144504957682922,0.0167848977725521,16.994708994709,16
"35",35,35,39,122.7455292,43.39176559,393.5278625,16.15975952,384.5278015,25.71652603,12.95532322,1.294698834,13.07931328,11.04504585,1.326170564,5.092062473,0.097677544,4.680103779,0.027188832,16.64107323,74.51133728,2.997516155,1.241722097,0.831979773,1.49,1.394,29.48135773,4.697,0.898,0.332,0.084566581,41.458,0.468,0.615,0.16,0.49,0.016,0.083,0.307,0.076,0.098901964,0.222368818,0.868655889,0.061776217,0.593194371,31,0.20681458,0.002750388,1.187498347,1.278665956,2.982203539,2.429800262,0.581080591,6.336074668,0.265231432,0.153764931,-0.130146278,0.052597403,0.011396011,0.120798032,-0.144854972,0.903225806,-0.025568182,-0.157201683,0.138024569,0.158774373,-0.038863976,-0.181818182,0.086092715,-0.553191489,0.17699115,0.230452675,0.333333333,0.15,0.53,0.04,0.26,0.01,1,0.110935024,-0.236909966585907,1.33034320327223,2.444,0.979,6.481,0.465,0.144705319,-0.164871582,-0.058556514,0.101333333,6.0825573179968,0.173787351942766,0.145717106233618,45.9737470167064,65.25
"36",36,36,40,122.7991409,43.42730713,393.9874573,16.1499939,384.3728027,25.70302582,13.5854063,1.302524924,18.68117142,10.38372803,1.281009197,7.484339714,0.126680046,4.689802647,0.035884593,21.14614296,62.0632782,3.012557745,1.241722097,0.831979773,1.49,1.394,29.48135773,4.697,0.898,0.332,0.084566581,41.458,0.468,0.615,0.16,0.49,0.016,0.083,0.307,0.076,0.098901964,0.172425511,0.932475524,0.095083683,0.650664026,24,0.150242326,0.001699934,0.900125598,1.14956685,2.077388357,2.184681534,0.630247304,6.176123412,0.265231432,0.153764931,-0.130146278,0.052597403,0.011396011,0.120798032,-0.144854972,0.903225806,-0.025568182,-0.157201683,0.138024569,0.158774373,-0.038863976,-0.181818182,0.086092715,-0.553191489,0.17699115,0.230452675,0.333333333,0.19,0.49,0.03,0.27,0.01,2,0.106623586,0.429059980769019,0.632030793557976,2.444,0.979,6.481,0.465,0.144705319,-0.164871582,-0.058556514,0.101333333,5.75418328606729,0.174369190486887,0.135651550660993,41.9841549295775,46.5
"37",37,37,41,89.97753143,47.44617462,320.8670654,13.27583218,441.4157715,24.24716377,14.97382927,1.244943261,28.71584892,11.97836494,1.29869628,16.80957031,0.228967041,5.545087337,0.096713394,18.30203438,47.97805786,3.331651211,1.052404972,0.712035739,0.769,1.544,39.93140504,4.299,0.763,0.502,0.111685631,11.553,0.289,0.51,0.249,0.485,0.153,0.09,0.267,0.035,0.108089453,0.233297772,0.893655658,0.037777968,0.592346097,17,0.072186837,0.109023019,1.121702733,0.685173323,2.866152799,2.673234512,0.589144649,5.831501845,0.016530655,0.006066306,0.012554986,-0.216444132,0.033539276,0.223660109,0.230878187,0.135215453,0.332417582,0.776187452,0.828875508,-0.651162791,-0.295454545,0.172093023,0.419047619,-0.138613861,-0.010752688,-0.28436019,-0.018518519,0.57,0,0.04,0.36,0.02,1,0.063694268,0.300101447227745,1.61321547741868,2.333,0.965,14.394,0.367,-0.135746606,-0.140641158,-0.44859216,0.268707483,3.47862810022205,0.69572562004441,0.0763819609648786,23.9839357429719,22.6666666666667
"38",38,38,42,90.59474945,47.30292511,324.0668945,13.23464298,441.9187012,24.219244,14.59913826,1.251537681,23.55164719,5.615754128,1.274479508,15.01302624,0.177977636,5.608204365,0.065834992,16.84064484,55.09396744,2.759526014,1.052404972,0.712035739,0.769,1.544,39.93140504,4.299,0.763,0.502,0.111685631,11.553,0.289,0.51,0.249,0.485,0.153,0.09,0.267,0.035,0.108089453,0.177557923,0.818046924,0.009898137,0.682531685,14,0.061131387,0.187435598,1.170831313,2.633945476,4.664313273,2.102608175,0.608500008,5.543167591,0.016530655,0.006066306,0.012554986,-0.216444132,0.033539276,0.223660109,0.230878187,0.135215453,0.332417582,0.776187452,0.828875508,-0.651162791,-0.295454545,0.172093023,0.419047619,-0.138613861,-0.010752688,-0.28436019,-0.018518519,0.58,0,0.02,0.36,0.04,2,0.058394161,0.142796593200674,0.907262564496415,2.333,0.965,14.394,0.367,-0.135746606,-0.140641158,-0.44859216,0.268707483,2.85046050913947,0.890768909106084,0.069269086604853,18.9797297297297,16.75
"39",39,39,43,89.25119019,46.68381882,322.0532837,13.95260429,431.8603516,24.68051529,14.18189144,1.26809752,18.57963562,6.886637688,1.305926561,14.01405716,0.164609596,5.712595463,0.063174807,16.89924431,61.37449646,2.53485775,1.040013639,0.742698832,1.283,2.063,55.51873668,3.768,0.935,0.327,0.068050465,43.014,0.655,1.127,0.107,0.693,0.113,0.09,0.486,0.04,0.087980781,0.213120593,0.949847143,0.012841214,0.588068321,15,0.042267051,0.287683267,1.149747277,1.105009061,2.907324314,2.099502163,0.629873311,5.061021874,0.663592622,-0.001580966,0.025056676,0.158484065,0.270935961,0.642468257,0.016480447,0.413416537,-0.007246377,-0.299874668,1.220428954,0.753462604,0.200413223,-0.476190476,0.553475936,-0.367816092,0.075471698,0.608856089,-0.174603175,0.87,0,0.02,0.07,0.03,1,0.038424592,0.202357954485605,0.949091441891521,2.485,0.83,7.121,0.42,-0.114285714,-0.011947431,-0.336530403,0.189873418,3.19754945536934,0.319754945536934,0.0422574925564301,21.9950248756219,22
"40",40,40,44,90.1111908,47.3900795,330.3085022,13.77093887,433.0838318,24.53026199,13.29948902,1.09079361,26.7574234,1.862619042,1.011930108,16.29348946,0.208528861,5.301919937,0.059132177,15.99515152,46.6536026,3.008567333,1.040013639,0.742698832,1.283,2.063,55.51873668,3.768,0.935,0.327,0.068050465,43.014,0.655,1.127,0.107,0.693,0.113,0.09,0.486,0.04,0.087980781,0.214656248,0.889094136,0.003644875,0.592101695,13,0.029212532,0.417827471,1.15264104,0.924536763,3.222077308,2.160076091,0.648954361,3.670069476,0.663592622,-0.001580966,0.025056676,0.158484065,0.270935961,0.642468257,0.016480447,0.413416537,-0.007246377,-0.299874668,1.220428954,0.753462604,0.200413223,-0.476190476,0.553475936,-0.367816092,0.075471698,0.608856089,-0.174603175,0.87,0,0.02,0.07,0.03,2,0.025402202,-0.190560086114522,1.01244283921018,2.485,0.83,7.121,0.42,-0.114285714,-0.011947431,-0.336530403,0.189873418,2.35073991203871,0.313431988271828,0.0304514734835301,17.9815950920245,17.25
