"","X.1","X","site","clim_pdry","clim_psea","clim_pwet","clim_tcld","clim_tsea","clim_twrm","soil_der","soil_nto","soil_phc","soil_pto","soil_soc","CV.x","MDFMDFWet.x","MDFMDFDry.x","CVMDFWet.x","CVMDFDry.x","HSPeak.x","HSMeanDur.x","CVAnnHSPeak.x","CVAnnHSMeanDur.x","LSPeak.x","LSMeanDur.x","CVAnnLSPeak.x","CVAnnLSMeanDur.x","BFI.x","CVAnnBFI.x","C_MinM.x","M_MinM.x","C_MaxM.x","M_MaxM.x","regulation","FDis","FDiv","FRic","FEve","nbsp","richness","exotics","SLA","seed.mass","maximum.height","flowering.duration","wood.density","leaf.area","CV.y","MDFMDFWet.y","MDFMDFDry.y","CVMDFWet.y","CVMDFDry.y","HSPeak.y","HSMeanDur.y","CVAnnHSPeak.y","CVAnnHSMeanDur.y","LSPeak.y","LSMeanDur.y","CVAnnLSPeak.y","CVAnnLSMeanDur.y","BFI.y","CVAnnBFI.y","C_MinM.y","M_MinM.y","C_MaxM.y","M_MaxM.y","production_natural_w","production_dryland_w","intensive_w","conservation_w","production_irrigated_w","replicate","FDiS","richness.stand"
"1",1,1,1,118.697998,46.90408707,442.6585693,14.8249712,389.8130493,24.52971649,15.96392727,0.225267485,4.850421906,0.067161635,4.216975212,4.938,1.281970831,0.800105029,0.902,1,34.02541314,3.404,0.675,0.384,0.105727429,22.099,0.753,0.881,0.26,0.27,0.064,0.095,0.198,0.077,0.044342519,0.152529768486083,0.70246036443645,0.047641071253672,0.676635734868465,32,0.0914158305462653,0.0596750241505878,1.186000009,1.589133986,4.451220565,2.292709953,0.597644041,4.734291147,0.018034086,-0.013989667,0.006700554,0.012958963,-0.026,0.045653531,-0.034554046,0.035658915,-0.3,0.058038482,-0.07127526,-0.011940299,0.014571949,0.044176707,0.017006803,0.188679245,-0.066115702,0.004854369,-0.029126214,0.58,0.12,0.21,0.08,0.01,1,0.203215093874267,0.0824972129319955
"2",2,2,4,142.5914917,44.22193527,480.625946,14.70363712,384.7421875,24.25049591,3.583175898,0.174282745,4.612263203,0.044354651,3.385577917,2.975,0.669105982,0.906094877,0.862,1.056,18.18686352,6.635,0.567,0.629,0.054219334,14.39,0.423,0.681,0.305,0.411,0.066,0.145,0.329,0.078,0.23025904,0.229045532677235,0.922385733234738,0.0707345173708323,0.586098162966575,26,0.0619183285849953,0.226968726300114,1.144259073,1.025298342,3.303810868,2.586916073,0.575819284,5.651134109,0.048030221,0.9313503,-0.208392441,0.481481481,-0.101457726,0.350856387,-0.5,-0.53103007,-0.671658986,-0.004293758,0.860576241,-0.186915888,0.044964029,-0.24025974,0.021069692,-0.708860759,-0.471774194,0.121761658,-0.621212121,0.32,0,0.09,0.5,0.04,1,0.218341673750466,0.0550807217473884
"3",3,3,5,127.6242981,44.97564697,453.189209,13.58786678,397.3336792,23.45186424,4.248885155,0.206879646,4.835061073,0.044240389,3.460840464,6.033,1.169696748,0.536336534,0.789,1.504,46.58921633,4.061,0.85,0.407,0.092796227,19.2,0.348,0.474,0.228,0.341,0.063,0.084,0.25,0.08,0.03225678,0.129814420278968,0.521786555059739,0.00802527448514271,0.665748442055558,15,0.0402414486921529,0.0754987839676196,1.037016881,1.272132871,1.53797095,2.293061707,0.647972478,3.979268098,-0.019074532,-0.035567244,0.002407439,-0.007963595,-0.003401361,-0.033443833,-0.00530303,-0.06875,0.054982818,0.033429134,-0.054556063,-0.142480211,-0.137078652,0.026315789,-0.021212121,0.267605634,-0.038461538,-0.064257028,0.019417476,0.7,0.02,0.04,0.24,0,1,0.24948029645773,0.0382293762575453
"4",4,4,6,144.0125732,43.74140549,476.1430969,14.8046999,381.8599243,24.27853966,5.05502224,0.16823931,4.626170158,0.054521311,3.588429213,2.975,0.669105982,0.906094877,0.862,1.056,18.18686352,6.635,0.567,0.629,0.054219334,14.39,0.423,0.681,0.305,0.411,0.066,0.145,0.329,0.078,0.23025904,0.227995051794275,0.887541236631202,0.111745846251156,0.588742538497033,29,0.107023411371237,0.198397777359988,1.183352283,0.953408993,2.902004124,2.499336924,0.530648338,6.000240096,0.048030221,0.9313503,-0.208392441,0.481481481,-0.101457726,0.350856387,-0.5,-0.53103007,-0.671658986,-0.004293758,0.860576241,-0.186915888,0.044964029,-0.24025974,0.021069692,-0.708860759,-0.471774194,0.121761658,-0.621212121,0.28,0,0.13,0.53,0.02,2,0.228922632724563,0.084726867335563
"5",5,5,9,122.2714691,47.68352509,449.5500488,15.22526455,396.1566772,25.05847168,5.216386795,0.210364312,4.973424435,0.046734612,2.84725523,12.678,1.476546477,0.664082038,1.468,2.283,66.54781343,3.314,1.163,0.401,0.084922263,42.049,0.491,0.76,0.12,0.567,0.033,0.097,0.402,0.055,0.139512725,0.220674706259289,0.874591188233451,0.184285770380513,0.585543936109202,42,0.187100638977636,0.334377735317905,1.158846889,1.375816439,2.713351477,2.337878186,0.599953643,4.678709648,-0.105219621,-0.102013726,0.156181438,0.027738265,-0.010339734,-0.192409665,0.054849885,0.041493776,0.454293629,-0.05633386,-0.143761774,0.168297456,-0.257425743,0.281818182,-0.201298701,-0.64,-0.288235294,-0.079470199,-0.53125,0.65,0.21,0.04,0.08,0,1,0.223692045801716,0.153354632587859
"6",6,6,10,115.2363205,47.22675705,429.9311218,14.84904575,395.9205933,24.67420006,10.35305309,0.205140367,5.052348614,0.067297325,2.714846611,1.498,1.014855772,1.134334821,0.846,0.756,7.150323096,8.593,0.357,0.699,0.023516088,29.977,2.372,0.63,0.357,0.374,0.183,0.095,0.401,0.075,0.472524735,0.219524183166518,0.811934451345176,0.123425922503752,0.556358741327266,32,0.0722801788375559,0.265326781918622,1.206291312,1.220307759,3.499547742,2.464025556,0.56693907,4.633870946,5.434219986,0.211898725,-0.103153691,0.892725031,1.492392808,5.332753476,-0.688545455,3.637614679,-0.319688109,0.577956581,-0.520575841,-0.635201573,-0.200674536,-0.648648649,0.197183099,-0.761363636,-0.296296296,0.924855491,-0.470588235,0.6,0.1,0.07,0.18,0,1,0.228768083125103,0.0521609538002981
"7",7,7,11,117.9629822,46.57189178,427.7681274,14.82857132,402.2951965,24.81098747,4.085037231,0.21017696,5.113440037,0.045529574,2.883789539,1.498,1.014855772,1.134334821,0.846,0.756,7.150323096,8.593,0.357,0.699,0.023516088,29.977,2.372,0.63,0.357,0.374,0.183,0.095,0.401,0.075,0.472524735,0.234242939543359,0.880343926909329,0.118885175885658,0.538053486821331,45,0.107177317598159,0.0951621383303593,1.100940175,1.776690098,3.262556288,2.046176619,0.58798565,6.034213827,5.434219986,0.211898725,-0.103153691,0.892725031,1.492392808,5.332753476,-0.688545455,3.637614679,-0.319688109,0.577956581,-0.520575841,-0.635201573,-0.200674536,-0.648648649,0.197183099,-0.761363636,-0.296296296,0.924855491,-0.470588235,0.63,0.05,0,0.26,0,2,0.204731620348265,0.0774883099532398
"8",8,8,12,140.6659698,46.8634491,505.5458374,14.96645164,380.9794922,24.43831825,4.900153637,0.236093491,4.712797642,0.065761514,3.873775005,4.439,1.289582469,0.793918391,1.045,0.986,28.71736471,4.177,0.626,0.376,0.078709517,25.015,0.568,0.602,0.297,0.318,0.056,0.084,0.219,0.066,0.043585689,0.167591754651129,0.771105322978755,0.123567184768891,0.522262384942112,41,0.106221792392005,0.0351135544474007,1.152654887,2.015512419,4.504577472,2.014984061,0.597302126,5.097383938,-0.034963437,-0.019082231,0.073116155,0.033398821,-0.023127753,-0.02480447,-0.025435704,0.046181172,0.037974684,0.161798085,-0.024264121,-0.17370892,0.046357616,0.056338028,0.044117647,0.569230769,-0.028037383,-0.047169811,0.051546392,0.16,0.01,0.41,0.37,0,1,0.191618152821406,0.0904255319148936
"9",9,9,13,149.7206421,47.5550766,546.2020874,14.87631035,378.6060181,24.29091644,6.154711723,0.205991253,4.66545105,0.049153753,3.177581787,4.439,1.289582469,0.793918391,1.045,0.986,28.71736471,4.177,0.626,0.376,0.078709517,25.015,0.568,0.602,0.297,0.318,0.056,0.084,0.219,0.066,0.043585689,0.160135412011041,0.939050624765584,0.0266429418236827,0.459908876010995,22,0.0703551912568306,0.0907390149478287,1.146962986,0.614287658,2.1657572,2.358019433,0.557941274,8.487896055,-0.034963437,-0.019082231,0.073116155,0.033398821,-0.023127753,-0.02480447,-0.025435704,0.046181172,0.037974684,0.161798085,-0.024264121,-0.17370892,0.046357616,0.056338028,0.044117647,0.569230769,-0.028037383,-0.047169811,0.051546392,0.17,0.01,0.39,0.35,0,2,0.228298915703772,0.0368852459016393
"10",10,10,14,133.2174683,47.16553497,483.5106812,14.51522636,373.4295959,23.79650497,5.148770332,0.236646309,4.984775543,0.060827896,2.565692425,6.586,1.190144261,0.766186457,1.211,1.508,38.873808,3.925,0.829,0.383,0.099014393,30.881,0.494,0.605,0.241,0.363,0.028,0.081,0.221,0.062,0.072890363,0.16915042346734,0.745272098078967,0.0385854067274155,0.490459781683186,25,0.071551724137931,0.0754469669196861,1.186735965,1.363968678,4.384770607,2.493916394,0.554654215,5.135044289,-0.102342787,-0.047277404,0.091522657,0.002592913,-0.023099851,-0.090486745,0.031193607,0.041273585,0.101226994,0.131792319,-0.090246009,-0.342213115,-0.129429892,0.101694915,-0.024456522,1.676470588,0.026548673,0.047393365,0.308823529,0.32,0.01,0.21,0.44,0,1,0.203959536081128,0.0574712643678161
"11",11,11,15,142.9963226,47.66791153,514.1046143,15.2034359,371.7948914,24.44318962,9.086792946,0.249562219,4.876652241,0.061960746,3.182640553,5.348,1.229490022,0.846294676,1.008,1.195,29.58064647,3.522,0.922,0.35,0.080519335,37.181,0.574,0.744,0.179,0.3,0.006,0.103,0.32,0.061,0.112021518,0.211436404180931,0.738514293421525,0.0837485015374596,0.516745896669211,39,0.135714285714286,0.0118978377613728,1.115346199,1.156356144,3.178487237,2.286650076,0.534902906,5.23107942,-0.102932935,-0.031544497,0.131533483,-0.094095941,-0.065088757,-0.111920382,0.049259681,0.154911839,0.52,0.289610581,-0.418502312,-0.143187067,-0.053030303,0.288135593,0.138686131,7.833333333,-0.008849558,-0.274924471,-0.047058824,0.32,0.01,0.51,0.14,0.01,1,0.209073770784837,0.114634146341463
"12",12,12,16,153.9534302,47.6153717,547.5517578,15.66578484,371.5868225,24.90232086,11.80940914,0.216775209,4.842906475,0.065082565,3.360384941,5.348,1.229490022,0.846294676,1.008,1.195,29.58064647,3.522,0.922,0.35,0.080519335,37.181,0.574,0.744,0.179,0.3,0.006,0.103,0.32,0.061,0.112021518,0.232125045959812,0.900888925185489,0.087842480661404,0.550474241747477,34,0.107142857142857,0.0169339071328159,1.027308244,1.029125405,2.999575666,2.272683627,0.593457814,5.516674517,-0.102932935,-0.031544497,0.131533483,-0.094095941,-0.065088757,-0.111920382,0.049259681,0.154911839,0.52,0.289610581,-0.418502312,-0.143187067,-0.053030303,0.288135593,0.138686131,7.833333333,-0.008849558,-0.274924471,-0.047058824,0.48,0.04,0.35,0.11,0.01,2,0.217632621878732,0.0850599781897492
"13",13,13,17,110.6557007,46.64665604,393.8253784,15.00520515,408.7309265,25.15003967,5.678670883,0.186816216,5.155008316,0.029275855,2.661882162,11.56,1.362287823,0.75099631,1.456,2.471,67.46410824,3.738,1.08,0.472,0.084747847,42.371,0.67,0.719,0.141,0.566,0.049,0.077,0.38,0.047,0.157410179,0.234794856723532,0.868803865077809,0.127754539264495,0.619224138866112,29,0.166987797045601,0.216648267768611,1.065006915,0.79777275,3.3596815,2.23099927,0.646688648,4.680236491,-0.18043616,0.013119905,-0.002648217,-0.115789474,-0.112624886,-0.167198682,0.006422787,-0.067765568,0.005333333,0.359352665,-0.532658988,-0.471523179,0.002928258,0.492537313,-0.165085389,0.073170732,-0.204918033,-0.305,0.017857143,0.71,0.05,0.08,0.1,0.02,1,0.225647953103244,0.134874759152216
"14",14,14,18,180.3746948,44.97273636,615.5736084,15.41865253,367.1764221,24.55631447,12.90537262,0.172786817,4.726504803,0.019722953,3.451344013,5.269,1.15157498,0.817348496,0.965,1.018,37.34932885,3.823,0.726,0.347,0.068165793,28.283,0.421,0.455,0.196,0.321,0.02,0.096,0.33,0.088,0.087852935,0.21410193322093,0.920774710262004,0.152877240034078,0.608524246361746,41,0.172995780590717,0.0492160007188532,1.07378825,1.058450322,3.198868352,2.346428459,0.641678353,5.649674082,0.013664832,0.0777102,0.087842677,-0.01718908,0.069358178,-0.154099384,0.02514908,0.544609665,-0.006472492,0.027335158,-0.022576571,-0.269565217,-0.172557173,0.010362694,-0.148387097,-0.394736842,-0.173076923,-0.111747851,-0.237410072,0.19,0.22,0.17,0.38,0.02,1,0.213709499231318,0.157524613220816
"15",15,15,19,175.6973877,46.1240921,621.8434448,15.39517403,369.0868225,24.58233643,13.38751698,0.144575834,4.624115467,0.027085761,2.878742695,5.269,1.15157498,0.817348496,0.965,1.018,37.34932885,3.823,0.726,0.347,0.068165793,28.283,0.421,0.455,0.196,0.321,0.02,0.096,0.33,0.088,0.087852935,0.205873706411877,0.836504717203102,0.186307870562666,0.499193306376068,44,0.186406186406186,0.0107361355850102,1.112692928,1.626014549,3.841714782,2.129671717,0.579242321,5.375688102,0.013664832,0.0777102,0.087842677,-0.01718908,0.069358178,-0.154099384,0.02514908,0.544609665,-0.006472492,0.027335158,-0.022576571,-0.269565217,-0.172557173,0.010362694,-0.148387097,-0.394736842,-0.173076923,-0.111747851,-0.237410072,0.26,0.06,0.28,0.37,0.03,2,0.207047870861343,0.146520146520147
"16",16,16,20,92.41080475,50.12212753,362.3360596,13.05895615,455.1161194,24.36642075,0.008299958,0.156151399,5.367919445,0.038722668,3.341474533,2.776,1.788763479,1.139836743,0,0,26.50306359,7.7,0.658,0.479,0.062027613,7.951,0.45,0.654,0.413,0.322,0.357,0.128,0.304,0.114,0.379947512,0.223057185370335,0.92411659913816,0.0580181022849514,0.541857647988124,22,0.045045045045045,0.245893959831246,1.118693373,0.755446709,3.162808655,2.251367171,0.590689888,4.716160589,0.792507205,0.005269152,-0.604849124,0.257372654,0.866666667,0.4473152,-0.553506494,-0.402735562,0.392484342,-0.455076958,-0.448539867,-0.141509434,-0.617021277,-0.607748184,0.074534161,-0.299719888,0.3671875,2.072368421,-0.763157895,0.72,0,0.04,0.18,0,1,0.218823503562145,0.0388080388080388
"17",17,17,21,90.99304962,50.21345901,359.0811462,13.24980164,457.2368774,24.60858345,7.708849907,0.15448001,5.197907925,0.07580734,2.956904411,2.776,1.788763479,1.139836743,0,0,26.50306359,7.7,0.658,0.479,0.062027613,7.951,0.45,0.654,0.413,0.322,0.357,0.128,0.304,0.114,0.379947512,0.200681790725816,0.880126524796889,0.0174234740421804,0.563160954315369,17,0.0676500508646999,0.476297968397291,1.090101078,0.639010062,3.969645897,2.126072158,0.758769428,3.370646134,0.792507205,0.005269152,-0.604849124,0.257372654,0.866666667,0.4473152,-0.553506494,-0.402735562,0.392484342,-0.455076958,-0.448539867,-0.141509434,-0.617021277,-0.607748184,0.074534161,-0.299719888,0.3671875,2.072368421,-0.763157895,0.75,0,0.03,0.14,0.04,2,0.232479475867169,0.0427263479145473
"18",18,18,22,120.2618484,47.60472488,444.0291443,14.92751408,397.6425781,24.79585266,5.24861908,0.199940905,4.925070286,0.044705488,3.224890947,12.678,1.476546477,0.664082038,1.468,2.283,66.54781343,3.314,1.163,0.401,0.084922263,42.049,0.491,0.76,0.12,0.567,0.033,0.097,0.402,0.055,0.139512725,0.204565843309213,0.836893411939605,0.185100703089416,0.598546928965773,52,0.20653685674548,0.00520185367814494,1.124079008,1.531369335,3.753878392,1.987139132,0.636512982,4.978579461,-0.105219621,-0.102013726,0.156181438,0.027738265,-0.010339734,-0.192409665,0.054849885,0.041493776,0.454293629,-0.05633386,-0.143761774,0.168297456,-0.257425743,0.281818182,-0.201298701,-0.64,-0.288235294,-0.079470199,-0.53125,0.69,0.24,0,0.07,0,2,0.188686301180305,0.175243393602225
"19",19,19,23,108.7124939,46.45315552,385.0382385,15.26831341,409.4788818,25.43223381,5.378195286,0.189166054,5.128108501,0.029219031,2.74611187,11.56,1.362287823,0.75099631,1.456,2.471,67.46410824,3.738,1.08,0.472,0.084747847,42.371,0.67,0.719,0.141,0.566,0.049,0.077,0.38,0.047,0.157410179,0.182385272995636,0.800536185130222,0.148588429979829,0.50123023672012,39,0.138178555406012,0.396861488664449,1.151173862,1.550526633,4.422145492,2.081011172,0.6620225,4.503787806,-0.18043616,0.013119905,-0.002648217,-0.115789474,-0.112624886,-0.167198682,0.006422787,-0.067765568,0.005333333,0.359352665,-0.532658988,-0.471523179,0.002928258,0.492537313,-0.165085389,0.073170732,-0.204918033,-0.305,0.017857143,0.76,0.05,0.05,0.11,0.01,2,0.193616621959545,0.115746971736205
"20",20,20,24,133.8505707,47.14621735,485.6012573,15.06855774,383.6312866,24.59764099,2.028835058,0.248414099,4.832206726,0.058920935,3.257363796,6.586,1.190144261,0.766186457,1.211,1.508,38.873808,3.925,0.829,0.383,0.099014393,30.881,0.494,0.605,0.241,0.363,0.028,0.081,0.221,0.062,0.072890363,0.171985893050489,0.835285282663692,0.0395496056483215,0.470365800527345,22,0.0952380952380952,0.117629944026613,1.195847079,1.806773186,4.64799652,2.432673259,0.562416218,5.294470179,-0.102342787,-0.047277404,0.091522657,0.002592913,-0.023099851,-0.090486745,0.031193607,0.041273585,0.101226994,0.131792319,-0.090246009,-0.342213115,-0.129429892,0.101694915,-0.024456522,1.676470588,0.026548673,0.047393365,0.308823529,0.32,0.01,0.21,0.44,0,2,0.216079080621489,0.0553709856035437
"21",21,21,25,124.3870544,44.85270691,441.6426392,13.63237,404.3740234,23.6688118,5.548941612,0.234210834,4.992982864,0.048109736,3.5434618,6.033,1.169696748,0.536336534,0.789,1.504,46.58921633,4.061,0.85,0.407,0.092796227,19.2,0.348,0.474,0.228,0.341,0.063,0.084,0.25,0.08,0.03225678,0.225022005248989,0.804641062316409,0.216727845006581,0.728778494042361,39,0.0923566878980892,0.102613482996799,1.198630596,1.166587766,3.487575117,2.601388685,0.60125659,4.769917254,-0.019074532,-0.035567244,0.002407439,-0.007963595,-0.003401361,-0.033443833,-0.00530303,-0.06875,0.054982818,0.033429134,-0.054556063,-0.142480211,-0.137078652,0.026315789,-0.021212121,0.267605634,-0.038461538,-0.064257028,0.019417476,0.83,0.04,0.04,0.1,0,2,0.226554317282697,0.0732484076433121
"22",22,22,26,138.9720001,48.35898972,531.1469116,14.74308586,378.7570801,24.17473793,6.703179359,0.277863413,4.742794991,0.047706813,3.8700881,4.938,1.281970831,0.800105029,0.902,1,34.02541314,3.404,0.675,0.384,0.105727429,22.099,0.753,0.881,0.26,0.27,0.064,0.095,0.198,0.077,0.044342519,0.154467324474365,0.679605732166505,0.0751579211593131,0.602321087647215,49,0.203344120819849,0.0476808937325263,1.165187807,1.88519436,4.371859294,1.962734445,0.579752305,5.479904747,0.018034086,-0.013989667,0.006700554,0.012958963,-0.026,0.045653531,-0.034554046,0.035658915,-0.3,0.058038482,-0.07127526,-0.011940299,0.014571949,0.044176707,0.017006803,0.188679245,-0.066115702,0.004854369,-0.029126214,0.59,0.08,0.23,0.06,0.03,2,0.187011517137377,0.0954692556634304
"23",23,23,27,96.72099304,48.70245743,357.2359314,12.794487,450.627533,23.99592972,12.53192806,0.164184108,5.369582653,0.064348981,3.002785206,2.975,0.669105982,0.906094877,0.862,1.056,18.18686352,6.635,0.567,0.629,0.054219334,14.39,0.423,0.681,0.305,0.411,0.177,0.062,0.316,0.057,0.211616851,0.226881489420082,0.904397646498199,0.0554005508696822,0.494280511897508,17,0.045131845841785,0.191575340799186,1.09429045,0.255456065,2.990309862,2.196201027,0.698171069,3.472500903,0.518582841,0.055384029,-0.081883725,-0.441403509,0.140540541,0.346410995,-0.36535704,0.561926606,-0.177024482,0.40326069,0.762276335,-0.226666667,-0.385826772,-0.322916667,-0.180055402,-0.720379147,0.876712329,-0.077669903,0.68115942,0.44,0,0.25,0.24,0,1,0.238252027882445,0.0202839756592292
"24",24,24,28,96.59196472,48.76673889,357.1707458,12.84397888,450.1040344,24.03188324,6.38536644,0.20807229,5.620397568,0.063536696,3.169724464,2.975,0.669105982,0.906094877,0.862,1.056,18.18686352,6.635,0.567,0.629,0.054219334,14.39,0.423,0.681,0.305,0.411,0.177,0.062,0.316,0.057,0.211616851,0.158901379827137,0.872273272640503,0.00434992929788492,0.497547173857702,12,0.0307017543859649,0.273247114286017,1.213440732,3.101529662,5.078944583,2.052923949,0.606394022,5.360221682,0.518582841,0.055384029,-0.081883725,-0.441403509,0.140540541,0.346410995,-0.36535704,0.561926606,-0.177024482,0.40326069,0.762276335,-0.226666667,-0.385826772,-0.322916667,-0.180055402,-0.720379147,0.876712329,-0.077669903,0.68115942,0.51,0,0.18,0.23,0.04,2,0.242694399552442,0.0285087719298246
"25",25,25,29,182.3864441,49.57830048,746.788147,14.58577728,368.1811829,23.73807335,0.949811876,0.198651895,4.557004452,0.051866807,5.469777107,3.979,1.313830399,0.639627201,0.694,0.893,25.63287692,3.632,0.543,0.31,0.097974917,18.964,0.315,0.531,0.248,0.331,0.051,0.154,0.213,0.094,0.103742363,0.145350272563306,0.666745100294008,0.115036839885997,0.53971144654334,53,0.201136363636364,0.250546472290922,1.124538456,1.459792599,3.98185817,2.167637664,0.609208654,4.687876773,0.081065262,0.124524272,0.452277876,0.235897436,0.113445378,0.153907106,-0.078560168,-0.033182504,-0.036414566,-0.016979995,-0.069712404,0.390510949,0.155619597,0.063492063,0.006688963,0.081081081,-0.587030717,-0.023474178,-0.318181818,0.83,0,0,0.17,0,1,0.179610584815717,0.145454545454545
"26",26,26,30,178.168335,47.14861298,678.9696045,14.23756695,357.7488403,23.13147545,2.835472107,0.192815363,4.608438492,0.058842644,4.636009216,3.979,1.313830399,0.639627201,0.694,0.893,25.63287692,3.632,0.543,0.31,0.097974917,18.964,0.315,0.531,0.248,0.331,0.051,0.154,0.213,0.094,0.103742363,0.205999200236429,0.891448860485243,0.081804110841141,0.60809316651541,38,0.287755102040816,0.0293214862681745,1.119473958,1.721621612,4.12765432,2.042422612,0.588453001,7.072844096,0.081065262,0.124524272,0.452277876,0.235897436,0.113445378,0.153907106,-0.078560168,-0.033182504,-0.036414566,-0.016979995,-0.069712404,0.390510949,0.155619597,0.063492063,0.006688963,0.081081081,-0.587030717,-0.023474178,-0.318181818,0.88,0,0,0.12,0,2,0.196217891743129,0.195918367346939
"27",27,27,31,104.8832703,46.1077919,359.6753845,15.52523422,414.8168335,25.8211174,3.837403059,0.167249128,5.192152023,0.03850754,3.189157724,9.583,1.395744791,0.719178554,1.384,2.606,60.88900838,4.528,0.813,0.547,0.073068121,57.578,0.773,0.955,0.123,0.799,0.121,0.068,0.457,0.042,0.182718591,0.224202851707578,0.915781526704048,0.0667848102131903,0.626593779102854,22,0.0806629834254144,0.582416906845231,1.188735231,0.940376424,3.285508232,2.189653299,0.615829791,4.287671536,-0.005678592,-0.048052935,0.065978314,-0.024539877,-0.098920863,-0.052205688,-0.059800664,0.390015601,0.275862069,0.28653317,-0.282485876,-0.213872832,0.246458924,0.453846154,-0.108726753,-0.662790698,0.065217391,-0.189054726,-0.166666667,0.85,0,0.02,0.07,0.04,1,0.219295230624529,0.0530386740331492
"28",28,28,32,105.2748108,46.11059952,359.6354675,15.45806599,415.869751,25.77962494,3.663620472,0.165497899,5.533581257,0.052234191,2.965215921,9.583,1.395744791,0.719178554,1.384,2.606,60.88900838,4.528,0.813,0.547,0.073068121,57.578,0.773,0.955,0.123,0.799,0.121,0.068,0.457,0.042,0.182718591,0.17747953567712,0.841622577010623,0.0219799286628784,0.495113715133123,16,0.0490291262135922,0.86255583859982,1.04863263,1.346392773,3.470565327,1.980646456,0.742545624,2.293399163,-0.005678592,-0.048052935,0.065978314,-0.024539877,-0.098920863,-0.052205688,-0.059800664,0.390015601,0.275862069,0.28653317,-0.282485876,-0.213872832,0.246458924,0.453846154,-0.108726753,-0.662790698,0.065217391,-0.189054726,-0.166666667,0.81,0,0.02,0.07,0.06,2,0.233982980740288,0.0368932038834951
"29",29,29,33,109.610878,46.89871979,376.1097107,15.45924377,414.7208557,25.75291061,6.105927467,0.14967297,5.232156277,0.039847791,2.410166264,7.339,1.353007735,0.603340634,1.219,2.231,44.89518588,4.419,0.811,0.425,0.058321024,40.891,0.519,0.516,0.1,0.632,0.08,0.091,0.497,0.045,0.055746011,0.216494855253277,0.855837027503496,0.0791172554878662,0.587810328516101,25,0.0575825266815587,0.0223887163092591,1.170261498,1.521457121,3.900147227,2.018155963,0.601183543,4.366103095,0,-0.003029094,0.009886212,0.042205582,-0.039021852,0.041703306,-0.020654444,-0.182908546,-0.208333333,-0.058081705,0.047604647,0.220982143,-0.030828516,-0.038095238,0.067768595,-0.032786885,0.123893805,0.00204499,-0.039215686,0.79,0,0.02,0.18,0,1,0.218308459055403,0.0416976917349218
"30",30,30,34,109.610878,46.89871979,376.1097107,15.45924377,414.7208557,25.75291061,5.616991997,0.146004155,5.318706989,0.04654979,2.291818619,7.339,1.353007735,0.603340634,1.219,2.231,44.89518588,4.419,0.811,0.425,0.058321024,40.891,0.519,0.516,0.1,0.632,0.08,0.091,0.497,0.045,0.055746011,0.187418371557302,0.8739199928519,0.0812648884371526,0.539856283452586,22,0.0310859063222012,0.079956966265099,1.222486881,1.817391899,4.580138795,2.153827378,0.61680934,3.781384846,0,-0.003029094,0.009886212,0.042205582,-0.039021852,0.041703306,-0.020654444,-0.182908546,-0.208333333,-0.058081705,0.047604647,0.220982143,-0.030828516,-0.038095238,0.067768595,-0.032786885,0.123893805,0.00204499,-0.039215686,0.79,0,0.02,0.18,0,2,0.221364695772536,0.0277252678008822
"31",31,31,35,173.1053314,45.97392654,592.9439087,15.65501595,364.0437317,24.71052933,5.382903576,0.178362012,4.592539787,0.04280049,3.442286491,5.573,1.271408803,0.762396875,0.811,0.928,32.52428579,3.064,0.641,0.245,0.078646372,19.354,0.35,0.374,0.137,0.345,0.02,0.103,0.392,0.063,0.073307437,0.196020572375199,0.800227007289601,0.0606421355113508,0.544827865422198,34,0.129429892141757,0.227048778248531,1.183166044,1.57429954,3.594950067,2.273014237,0.558064368,7.186989274,-0.057266343,-0.01406365,0.057105141,-0.03163017,0.019169329,-0.070614531,0.007666667,0.451239669,0.56185567,0.056244986,-0.058991345,-0.117647059,0.13,0.046153846,0.051020408,1.263157895,0.03968254,-0.120772947,0.058823529,0.41,0.11,0.38,0.1,0,1,0.193282579380201,0.117103235747304
"32",32,32,36,174.6337128,45.53351593,594.2196655,15.62129784,365.2148743,24.70670891,14.67020321,0.20398964,4.710796833,0.035720848,3.259968758,5.573,1.271408803,0.762396875,0.811,0.928,32.52428579,3.064,0.641,0.245,0.078646372,19.354,0.35,0.374,0.137,0.345,0.02,0.103,0.392,0.063,0.073307437,0.192581991234276,0.851664553176195,0.00870151094233261,0.612646990312868,25,0.107728337236534,0.0630809880619507,1.178608463,2.027795057,4.798898504,2.281600758,0.553568709,6.181078506,-0.057266343,-0.01406365,0.057105141,-0.03163017,0.019169329,-0.070614531,0.007666667,0.451239669,0.56185567,0.056244986,-0.058991345,-0.117647059,0.13,0.046153846,0.051020408,1.263157895,0.03968254,-0.120772947,0.058823529,0.34,0.25,0.14,0.21,0.05,2,0.190858171508147,0.0655737704918033
"33",33,33,37,104.5128937,45.75644302,359.5658875,15.88125324,406.1400757,25.96599197,8.671669006,0.179275975,4.934397697,0.042755529,2.652782917,5.878,1.333501045,0.756948308,1.272,1.633,27.27722454,4.533,0.825,0.438,0.086182581,35.074,0.431,0.604,0.196,0.405,0.029,0.086,0.26,0.068,0.084167315,0.219690036653368,0.866467276923367,0.0160776197785903,0.623338988174229,21,0.0431612715077282,0.152918477209689,1.187575566,1.321330323,3.434230571,2.501087667,0.582102595,5.927660702,-0.148657949,-0.013493219,0.061869588,-0.141295863,-0.111180905,-0.126639764,0.017499424,0.165782493,-0.17961165,0.152691633,-0.404531227,-0.250728863,-0.170682731,0.220512821,-0.133676093,1.054054054,0.280373832,-0.019920319,-0.130952381,0.61,0.03,0.15,0.15,0.03,1,0.202724946311766,0.0384951881014873
"34",34,34,38,103.131218,45.77086258,355.3100891,15.77677727,407.9249268,25.90482712,6.043702602,0.159985557,5.336770535,0.04734074,2.356807947,5.878,1.333501045,0.756948308,1.272,1.633,27.27722454,4.533,0.825,0.438,0.086182581,35.074,0.431,0.604,0.196,0.405,0.029,0.086,0.26,0.068,0.084167315,0.184073501862567,0.853967365071393,0.00227186315552502,0.590742316245628,14,0.0158024691358025,0.352450279361955,1.103565893,0.898047945,3.928687871,2.29815933,0.64653227,3.355543417,-0.148657949,-0.013493219,0.061869588,-0.141295863,-0.111180905,-0.126639764,0.017499424,0.165782493,-0.17961165,0.152691633,-0.404531227,-0.250728863,-0.170682731,0.220512821,-0.133676093,1.054054054,0.280373832,-0.019920319,-0.130952381,0.61,0.03,0.16,0.15,0.03,2,0.200278618665297,0.0148148148148148
"35",35,35,39,122.7455292,43.39176559,393.5278625,16.15975952,384.5278015,25.71652603,11.04504585,0.097677544,4.680103779,0.027188832,2.997516155,6.013,1.241722097,0.831979773,1.49,1.394,29.48135773,4.697,0.898,0.332,0.084566581,41.458,0.468,0.615,0.16,0.49,0.016,0.083,0.307,0.076,0.098901964,0.222368817889531,0.868655888950931,0.0617762171290817,0.593194371180276,31,0.206814580031696,0.00275038758614471,1.187498347,1.278665956,2.982203539,2.429800262,0.581080591,6.336074668,-0.209630764,-0.133272321,0.149618579,-0.049969155,-0.011267606,-0.10777859,0.169392288,-0.474576271,0.026239067,0.18652349,-0.121284349,-0.137019231,0.040435459,0.222222222,-0.079268293,1.238095238,-0.15037594,-0.18729097,-0.25,0.15,0.53,0.04,0.26,0.01,1,0.208320492053953,0.110935023771791
"36",36,36,40,122.7991409,43.42730713,393.9874573,16.1499939,384.3728027,25.70302582,10.38372803,0.126680046,4.689802647,0.035884593,3.012557745,6.013,1.241722097,0.831979773,1.49,1.394,29.48135773,4.697,0.898,0.332,0.084566581,41.458,0.468,0.615,0.16,0.49,0.016,0.083,0.307,0.076,0.098901964,0.172425510607712,0.932475523836112,0.0950836831513434,0.650664025989499,24,0.150242326332795,0.00169993406879132,0.900125598,1.14956685,2.077388357,2.184681534,0.630247304,6.176123412,-0.209630764,-0.133272321,0.149618579,-0.049969155,-0.011267606,-0.10777859,0.169392288,-0.474576271,0.026239067,0.18652349,-0.121284349,-0.137019231,0.040435459,0.222222222,-0.079268293,1.238095238,-0.15037594,-0.18729097,-0.25,0.19,0.49,0.03,0.27,0.01,2,0.218342251841376,0.106623586429725
"37",37,37,41,89.97753143,47.44617462,320.8670654,13.27583218,441.4157715,24.24716377,11.97836494,0.228967041,5.545087337,0.096713394,3.331651211,5.327,1.052404972,0.712035739,0.769,1.544,39.93140504,4.299,0.763,0.502,0.111685631,11.553,0.289,0.51,0.249,0.485,0.153,0.09,0.267,0.035,0.108089453,0.233297771824497,0.893655658402687,0.0377779678654308,0.592346096624668,17,0.0721868365180467,0.109023019162119,1.121702733,0.685173323,2.866152799,2.673234512,0.589144649,5.831501845,-0.016261836,-0.006029727,-0.012399312,0.276233184,-0.032450897,-0.182779603,-0.187571922,-0.119109948,-0.249484536,-0.436996361,-0.453215926,1.866666667,0.419354839,-0.146825397,-0.295302013,0.16091954,0.010869565,0.397350993,0.018867925,0.57,0,0.04,0.36,0.02,1,0.231893035416172,0.0636942675159236
"38",38,38,42,90.59474945,47.30292511,324.0668945,13.23464298,441.9187012,24.219244,5.615754128,0.177977636,5.608204365,0.065834992,2.759526014,5.327,1.052404972,0.712035739,0.769,1.544,39.93140504,4.299,0.763,0.502,0.111685631,11.553,0.289,0.51,0.249,0.485,0.153,0.09,0.267,0.035,0.108089453,0.177557923082156,0.818046923790572,0.00989813683461937,0.682531685108685,14,0.0611313868613139,0.18743559796598,1.170831313,2.633945476,4.664313273,2.102608175,0.608500008,5.543167591,-0.016261836,-0.006029727,-0.012399312,0.276233184,-0.032450897,-0.182779603,-0.187571922,-0.119109948,-0.249484536,-0.436996361,-0.453215926,1.866666667,0.419354839,-0.146825397,-0.295302013,0.16091954,0.010869565,0.397350993,0.018867925,0.58,0,0.02,0.36,0.04,2,0.224648643847352,0.0583941605839416
"39",39,39,43,89.25119019,46.68381882,322.0532837,13.95260429,431.8603516,24.68051529,6.886637688,0.164609596,5.712595463,0.063174807,2.53485775,8.92,1.040013639,0.742698832,1.283,2.063,55.51873668,3.768,0.935,0.327,0.068050465,43.014,0.655,1.127,0.107,0.693,0.113,0.09,0.486,0.04,0.087980781,0.213120593233557,0.949847143041384,0.0128412137963814,0.588068321121548,15,0.0422670509125841,0.287683267004273,1.149747277,1.105009061,2.907324314,2.099502163,0.629873311,5.061021874,-0.398891299,0.00158347,-0.024444186,-0.136802974,-0.213178295,-0.391160227,-0.016213245,-0.292494481,0.00729927,0.428315694,-0.54963657,-0.429699842,-0.166953528,0.909090909,-0.356282272,0.581818182,-0.070175439,-0.378440367,0.211538462,0.87,0,0.02,0.07,0.03,1,0.219756353374089,0.0384245917387128
"40",40,40,44,90.1111908,47.3900795,330.3085022,13.77093887,433.0838318,24.53026199,1.862619042,0.208528861,5.301919937,0.059132177,3.008567333,8.92,1.040013639,0.742698832,1.283,2.063,55.51873668,3.768,0.935,0.327,0.068050465,43.014,0.655,1.127,0.107,0.693,0.113,0.09,0.486,0.04,0.087980781,0.214656248379129,0.889094135888131,0.00364487457336436,0.592101694620242,13,0.0292125317527519,0.41782747132139,1.15264104,0.924536763,3.222077308,2.160076091,0.648954361,3.670069476,-0.398891299,0.00158347,-0.024444186,-0.136802974,-0.213178295,-0.391160227,-0.016213245,-0.292494481,0.00729927,0.428315694,-0.54963657,-0.429699842,-0.166953528,0.909090909,-0.356282272,0.581818182,-0.070175439,-0.378440367,0.211538462,0.87,0,0.02,0.07,0.03,2,0.223142248469653,0.0254022015241321
